Title,Channel,Publish Date,Video URL,View Count
North Korea Travel Vlog - Rozz Recommends Season 3: EP4,Clicknetwork,2019-12-27T06:08:57Z,https://www.youtube.com/watch?v=xHypiQpL2yQ,1337600
How to WRITE ON TEXT in ADOBE PREMIERE PRO (Great for travel videos &amp; vlogs!),cineguac,2019-12-26T17:44:55Z,https://www.youtube.com/watch?v=sM_DUkdWEeE,440773
"12 things to do in SEVILLE, Spain |  Voted as Lonely Planet&#39;s Top 10 &#39;Best in Travel&#39; | Travel Guide",Kristina's Travels,2019-12-25T23:51:33Z,https://www.youtube.com/watch?v=kb08lxcVXOs,1045510
How to Travel Bali | Indonesia Travel Guide | Sinhala Travel Guide,Travel With Wife,2019-12-24T15:13:59Z,https://www.youtube.com/watch?v=TGN3TaV_7TE,300501
Goa Packing Checklist: 16 Essential Things To Pack For Your Goa Trip in 2024 (‡§π‡§ø‡§®‡•ç‡§¶‡•Ä ‡§Æ‡•á‡§Ç),Tourism Bharat,2019-12-24T10:41:25Z,https://www.youtube.com/watch?v=iFh1XNLYR20,703606
TRAVELING ALONE + DAY 1 IN JAPAN VLOG #5,Kleng Rayo,2019-12-17T07:48:30Z,https://www.youtube.com/watch?v=A5o_CAqyCbk,1364
Winter Storm In a Van - Living The Van Life,Living The Van Life,2019-12-16T21:25:24Z,https://www.youtube.com/watch?v=aNWaFxIVbQM,19938199
THIS IS THE MOST EXPENSIVE PLANE TICKET IN THE WORLD | Etihad A380 The Residence,CaseyNeistat,2019-12-16T18:57:27Z,https://www.youtube.com/watch?v=FtlF-6TnMuo,43777524
A Day In The Life At AMERICAN PUBLIC SCHOOL,Max Reisinger,2019-12-15T12:30:15Z,https://www.youtube.com/watch?v=FGvdNUgC5Kk,9889446
EP 14 Meghalaya Tour complete Travel Guide | North East India,visa2explore,2019-12-11T07:30:00Z,https://www.youtube.com/watch?v=94_Dzs-UVSU,1157124
PIHU KI SCHOOL TRIP | A short movie | Aayu and Pihu Show,Aayu and Pihu Show,2019-12-09T08:30:02Z,https://www.youtube.com/watch?v=x0a16nNwnOA,29161105
"Inside Transylvania - EPIC ROMANIAN FOOD + Wild Stews in Brasov, Romania!",Mark Wiens,2019-12-08T13:00:10Z,https://www.youtube.com/watch?v=neRg60drdeE,3535444
Meet Cycle Baba&#39;s World Travel Bicycle&quot;Dhanno&quot; || Ep 207,Cycle Baba,2019-12-07T01:27:43Z,https://www.youtube.com/watch?v=xz_ebYeCSqs,1179751
10 Things To Do In Kolkata | Part 1 | Ok Tested,OK Tested,2019-12-06T14:44:59Z,https://www.youtube.com/watch?v=vyk0wE8KHvk,1639701
How to START and Grow a TRAVEL YouTube Channel from ZERO‚Äî 5 Tips,Video Influencers,2019-12-05T11:30:01Z,https://www.youtube.com/watch?v=IyUTgzwRmwg,90895
TOP 10 Things to do in BUDAPEST | Hungary Travel Guide in 4K,Hungry Passport,2019-12-04T17:00:14Z,https://www.youtube.com/watch?v=luDSbWpzWG8,1759989
Klipper haÃäret innan resan VLOGG,THE SWEDISH FAMILY,2019-12-04T14:00:08Z,https://www.youtube.com/watch?v=gFsVGlsQ17w,875171
"I Was AMAZED, traveling SOLO as a woman in ERBIL, IRAQI KURDISTAN",Eva zu Beck,2019-12-04T13:30:04Z,https://www.youtube.com/watch?v=XRB77YEf0Ic,587405
My Latest Mumbai Trip | Sara Gurpal,Sara Gurpal,2019-12-02T08:53:17Z,https://www.youtube.com/watch?v=yJiUuBeoiL4,91065
Watch Viral Video: Tigress Sultana T 107 Chasing Canter in Ranthambore National Park #shorts,Ranthambore National Park,2019-12-02T03:15:38Z,https://www.youtube.com/watch?v=nBfwYx6f6f4,9883706
Traveling to the Happiest Country in the World!!,Yes Theory,2019-12-01T18:05:21Z,https://www.youtube.com/watch?v=Qmi-Xwq-MEc,9016875
10 THINGS TO DO IN SOUTH KOREA! üá∞üá∑ Seoul Winter Travel Vlog | KimochiGuys,KimochiGuys,2019-12-01T07:08:16Z,https://www.youtube.com/watch?v=cDlp0bJbrkg,127684
Pakistani Visiting Palestine and Israel | Jerusalem Vlog,WildLens by Abrar,2019-11-30T16:06:23Z,https://www.youtube.com/watch?v=S7Hkdr1CJ_Q,3354906
"EXTREME Iran Street Food Tour in Tehran, Iran! 500 KG LAMB PLATE + 7 INSANE Street Food in Iran!",The Food Ranger,2019-11-30T14:00:00Z,https://www.youtube.com/watch?v=0XY2TocE-x8,11615763
A2 English Listening Practice - Travel,Listening Time,2019-11-29T18:45:00Z,https://www.youtube.com/watch?v=gOMypAhVaXE,1947153
When a Desi Goes To USA For The First Time (Vlog),Slayy Point,2019-11-29T15:19:04Z,https://www.youtube.com/watch?v=DHHHHFojz3E,28192613
Travel With Chatura | ‡∂ª‡∑î‡∑Ä‡∂±‡∑ä‡∑Ä‡∑ê‡∂Ω‡∑í ‡∂∏‡∑Ñ‡∑è ‡∑É‡∑ë‡∂∫ (Vlog 220) [EN Sub],Travel With Chatura,2019-11-28T12:00:13Z,https://www.youtube.com/watch?v=knN-uyLEmSs,713435
Traveling Balochistan Pakistan N50,Tarar Support,2019-11-27T17:08:07Z,https://www.youtube.com/watch?v=6qszaVE-35c,3279233
INCREDIBLE STREET FOOD in JERUSALEM (top 9 must eats),Kara and Nate,2019-11-27T15:00:05Z,https://www.youtube.com/watch?v=NkmWjZIM-Xc,913164
"JERUSALEM, ISRAEL&#39;S OLD CITY (not what we expected)",Kara and Nate,2019-11-24T15:00:03Z,https://www.youtube.com/watch?v=IJZAHy4JtZo,1759738
Prague Food Tour  üá®üáø!! ULTIMATE CZECH FOOD + Street Food in Czech Republic!,Mark Wiens,2019-11-24T13:00:12Z,https://www.youtube.com/watch?v=pJR0ujoXd10,2366663
SOLO TRAVEL to MACHU PICCHU! + (tips &amp; travel guide),Avelovinit,2019-11-24T11:45:00Z,https://www.youtube.com/watch?v=QZod5vAli7g,218363
New York tour by Alex Gonzaga,Alex Gonzaga Official,2019-11-23T06:37:27Z,https://www.youtube.com/watch?v=XUKZz-QqcsU,5056742
"Singapore Travel Vlog | Traveloka &#39;You Go, We Go&#39;",Traveloka Malaysia,2019-11-23T01:00:02Z,https://www.youtube.com/watch?v=_wwzFO40Qk0,123913
–í–æ—Ä–æ–Ω–µ–∂ (–ø—Ä–∏–∫–æ–ª) - #Shorts @ANDREIKLIMKA,–ê–Ω–¥—Ä–µ–π –ö–ª–∏–º–∫–∞,2019-11-22T13:51:06Z,https://www.youtube.com/watch?v=8-V1qYY3BdE,127158
"ZEN CAPSULE HOTEL in Tokyo, Japan",Miss Mina,2019-11-21T20:16:18Z,https://www.youtube.com/watch?v=XM4LnhDuF1Q,6911500
Kolkata Tourist Places |Kolkata Tour Budget | Kolkata Tour Plan | Kolkata Tour Guide,Distance between,2019-11-21T06:02:16Z,https://www.youtube.com/watch?v=B1J2FrFYG6g,1131818
Canon PowerShot G7 X Mark III vlogging demo,DPReview TV,2019-11-19T15:19:44Z,https://www.youtube.com/watch?v=UD8T8AAdhtE,87132
ISRAEL First Impressions (one day in Tel Aviv),Kara and Nate,2019-11-15T15:00:10Z,https://www.youtube.com/watch?v=OdwAOnWTaqE,3387338
Winter European Discovery tour | Contiki,Contiki,2019-11-15T10:24:52Z,https://www.youtube.com/watch?v=HrFF3LSEtYI,2022
Business Class going to South Korea,KAYCEE & RACHEL in WONDERLAND FAMILY,2019-11-15T06:30:00Z,https://www.youtube.com/watch?v=LvkSAlJ1zOc,10685791
SHOCKING First IMPRESSIONS! üá∏üá¶ÿ™ÿ±ÿ¨ŸÖÿ© ÿπÿ±ÿ®Ÿäÿ© INSIDE SAUDI ARABIA #1,Peter Santenello,2019-11-14T18:37:14Z,https://www.youtube.com/watch?v=1k0SvAEvM-I,7191655
Family Trip to Dehradun | #Travel #DIML #Camping #Vlog #MyMissAnand #CookWithNisha,CookWithNisha,2019-11-14T08:30:00Z,https://www.youtube.com/watch?v=YBhpID-rR6o,7597677
Memphis Vacation Travel Guide | Expedia,Expedia,2019-11-14T01:00:02Z,https://www.youtube.com/watch?v=1iBgfhTAXy8,357180
Traveling to the Least Visited Country in the World,Yes Theory,2019-11-10T18:00:50Z,https://www.youtube.com/watch?v=ODuEl4oNae0,17436652
4 Days in Belgium With Kids - Belgium Family Travel Vlog,Carmen Van Kerckhove,2019-11-10T02:00:30Z,https://www.youtube.com/watch?v=vadyyBlBfO0,188948
Surviving 24 Hours Straight In The Bermuda Triangle,MrBeast,2019-11-09T21:00:55Z,https://www.youtube.com/watch?v=D9lVNzyhYnc,263549764
Explore Finland in the Summer: Travel Vlog with John,TourRadar,2019-11-07T20:59:48Z,https://www.youtube.com/watch?v=1m3-4Bi5Kl0,50481
What Can $10 Get in SENEGAL? (Total Chaos),Drew Binsky,2019-11-06T18:00:00Z,https://www.youtube.com/watch?v=DZUgpWVkeZ8,1462526
ÿ¥Ÿáÿ± ÿßŸÑÿπÿ≥ŸÑ ŸÅŸä ŸÖÿßŸÑÿØŸäŸÅ ÿßŸÑŸÅŸÑÿ®ŸäŸÜ üèù,Joe HaTTab,2019-11-06T12:00:04Z,https://www.youtube.com/watch?v=N0nI2EpovhQ,9121561
I Went to Korea for the First Time | Seoul Travel Vlog,AmandaRachLee,2019-11-05T00:11:16Z,https://www.youtube.com/watch?v=8uJSr4RuPfM,315082
"USA , CALIFORNIA VLOG",BeastBoyShub,2019-11-04T12:23:16Z,https://www.youtube.com/watch?v=OD2EMsrOW8w,9490816
Best Tiger Zone in Ranthambore National Park | #shorts #shortsfeed #ytshorts #tigerattack,Ranthambore National Park,2019-11-03T06:27:38Z,https://www.youtube.com/watch?v=2EDJxQaaBgU,13273749
Vlad and Nikita Family Trip to California,Vlad and Niki,2019-11-03T06:20:31Z,https://www.youtube.com/watch?v=QIM8OMEC8BU,39798007
Maldives Travel Guide | TRIP PISSO Vlog #48,Trip Pisso,2019-11-03T03:46:45Z,https://www.youtube.com/watch?v=Y2kkkmJiJUQ,188987
5-STAR RESORT TOUR IN CEBU üå¥ Philippines Travel Vlog,Miss Mina,2019-11-01T23:01:35Z,https://www.youtube.com/watch?v=CF2nKpOiFOk,2678891
21 Best Places to Visit in Southeast Asia - Travel Video,touropia,2019-11-01T07:39:38Z,https://www.youtube.com/watch?v=_m8R9YRukJE,2236216
Running the Great Wall of China | Venus Williams Travel Vlog,Venus Williams,2019-10-29T22:02:18Z,https://www.youtube.com/watch?v=vRsSw_SurZY,240055
New York City Cinematic Travel Video // Canon EOS R,Full Time Filmmaker,2019-10-29T16:42:38Z,https://www.youtube.com/watch?v=3PUgO--D1NM,354910
Entering The Most American Country in Africa,Drew Binsky,2019-10-26T22:05:19Z,https://www.youtube.com/watch?v=O4q0sZDhxZc,1886526
2ND DAY SINGAPORE TRAVEL VLOG | Zeinab Harake,Zeinab Harake,2019-10-26T09:01:04Z,https://www.youtube.com/watch?v=xhQhDhc2ZF4,1655520
Nusa Penida | Bali Travel Guide | TRAVEL VLOG #20.2 (English Subtitles),Travel With Wife,2019-10-26T00:30:00Z,https://www.youtube.com/watch?v=57ai83YNJSg,240570
Struggles of Travel Vlogging | Hello from Switzerland! Tanya Khanijow #TanyaTalks,Tanya Khanijow,2019-10-25T17:38:57Z,https://www.youtube.com/watch?v=NRjvpWJxuaw,193860
"Kamiya Jani&#39;s 4-day Itinerary To Seoul, South Korea | Curly Tales",Curly Tales ,2019-10-24T14:30:01Z,https://www.youtube.com/watch?v=IOHXsl7vDow,1215406
Beginner&#39;s Guide To Boarding An International Flight - Step By Step | Curly Tales,Curly Tales ,2019-10-23T10:13:39Z,https://www.youtube.com/watch?v=4e8MROIlEnU,3600422
All You Need To Know Before Planning An EPIC Goa Trip | Tripoto,Tripoto,2019-10-22T12:30:12Z,https://www.youtube.com/watch?v=jU7ZyViNu2U,1436166
12 Days all around TURKEY!,Mark Harrison,2019-10-21T09:07:50Z,https://www.youtube.com/watch?v=yC7lI5XRiW0,3045122
First Vlog. Travel Goals.,Arvin Christopher F. Latagan,2019-10-21T07:00:30Z,https://www.youtube.com/watch?v=iRKWnYM_xDQ,119
Walt Disney World Vlog | Day 1 | Travel &amp; Port Orleans Riverside |  October 2019 | Adam Hattan,Adam Hattan,2019-10-20T16:00:13Z,https://www.youtube.com/watch?v=0KPXtwmNr4A,1264835
"What Can $10 Get in LAGOS, NIGERIA? (Craziest City)",Drew Binsky,2019-10-19T19:00:00Z,https://www.youtube.com/watch?v=YrRLCoKmLLA,6239558
12 Essential COSTA RICA TRAVEL Tips | WATCH BEFORE YOU GO!!!,Alexander Ayling,2019-10-19T14:15:01Z,https://www.youtube.com/watch?v=Uhe1X6OpoSo,2222537
‚ù§Ô∏è #travel #gaylove #lovewins #kmjs,MicHanes,2019-10-19T12:14:22Z,https://www.youtube.com/watch?v=0akYcOdRgWU,221500
The World&#39;s Biggest Market! üáπüá≠,Dale Philip,2019-10-17T12:46:54Z,https://www.youtube.com/watch?v=NA1Eadv6Tpc,268652
Hyderabad to Moscow Journey | Russia trip | Telugu Traveller,Telugu Traveller,2019-10-16T14:47:46Z,https://www.youtube.com/watch?v=QP5aFVbOuvA,769178
FIRST IMPRESSIONS OF NORWAY (24 hours in Oslo),Kara and Nate,2019-10-15T19:00:00Z,https://www.youtube.com/watch?v=0PKBh_k1rPE,1908872
–®–≤–µ–π—Ü–∞—Ä–∏—è. –ü–æ—á—Ç–∏ –∏–¥–µ–∞–ª—å–Ω–∞—è —Å—Ç—Ä–∞–Ω–∞. –ë–æ–ª—å—à–æ–π –í—ã–ø—É—Å–∫.,–ê–Ω—Ç–æ–Ω –ü—Ç—É—à–∫—ñ–Ω,2019-10-15T08:14:27Z,https://www.youtube.com/watch?v=YtZZ-hxz9TI,48449116
TOP 3 BIGGEST Travel Video MISTAKES! - How to Make Better Travel Videos,Sean Kitching,2019-10-14T12:42:06Z,https://www.youtube.com/watch?v=RgaObOAThXs,70323
"Planning my next backpacking trip to South America üíÉüèªResearch, Budget, Packing + more",Backpacking Bananas,2019-10-14T09:20:50Z,https://www.youtube.com/watch?v=wxAL4_Ff6mo,161134
"Neelum Valley, Azad Kashmir, Sharda, Arang Kel, Taobat travel documentary| India Pakistan Border",Mohammad Hafeez Chaudhry,2019-10-12T22:41:20Z,https://www.youtube.com/watch?v=gb7V8EUXwyo,5667417
My First Trip to Scotland | Edinburgh + Glasgow VLOG,cari cakes,2019-10-12T21:00:00Z,https://www.youtube.com/watch?v=K4sJnzZLcfc,849830
Cherrapunjee From Chennai | Meghalaya | 5 Days Itinerary | Tamil,Tamil Trekker,2019-10-11T15:50:35Z,https://www.youtube.com/watch?v=GBFGuV7WHnM,181382
Calgary | Cinematic Travel Video | Home,Chris & Jenelle,2019-10-11T05:31:58Z,https://www.youtube.com/watch?v=3I0QqVOu7bk,871
iPhone 11 Pro | Perfect Minimalist Travel Vlog Camera?,Potato Jet,2019-10-07T15:55:46Z,https://www.youtube.com/watch?v=VGNSdzZQkp4,414832
Getting Tattooed by a 102 Year Old... WHANG OD (Philippines Travel Vlog),Lost LeBlanc,2019-10-05T12:48:15Z,https://www.youtube.com/watch?v=R_ZGwbK0aXE,1603247
Week one of Burn The Ships tour - vlog ep 23,for KING + COUNTRY,2019-10-04T23:50:32Z,https://www.youtube.com/watch?v=zSrEXuE8QGI,95654
what&#39;s in my travel carry on bag + packing for japan!,AlishaMarieVlogs,2019-10-02T14:40:07Z,https://www.youtube.com/watch?v=1OkzhXeeoQw,826383
"Guadalajara, Mexico | Cinematic Travel Video | Eternity",Chris & Jenelle,2019-09-28T01:04:10Z,https://www.youtube.com/watch?v=t1mi3PYNpyM,1136
Morocco Uncovered with Intrepid Travel,arc travels,2019-09-23T23:55:01Z,https://www.youtube.com/watch?v=I_Ku8Pu4zB0,131378
JERUSALEM STREET FOOD!!! GIANT 24-HOUR FOOD TOUR in OLD JERUSALEM!,LivingBobby,2019-09-23T19:00:52Z,https://www.youtube.com/watch?v=ula8IgFoEts,935352
Alleppey Houseboat Trip Experience |  Kerala Allappuzha Backwaters,SugarSpiceNice India,2019-09-19T13:30:00Z,https://www.youtube.com/watch?v=DX5n2f5Vu9s,914368
What Kazakhstan is REALLY Like | Almaty Travel Vlog,Flying The Nest,2019-09-19T12:15:44Z,https://www.youtube.com/watch?v=8vmxYRgWt7s,401421
UKRAINIAN FOOD IS...(secret underground restaurant),Kara and Nate,2019-09-17T14:00:17Z,https://www.youtube.com/watch?v=tMzVtSVe2Gg,1321493
(North) Macedonia First Impressions | Skopje Free Walking Tour | Travel Vlog,Dane and Stacey,2019-09-17T13:30:01Z,https://www.youtube.com/watch?v=A9IAfsGa1wg,98532
Playing basketball in Senegal with Remi and friends | Jimmy Butler Travel Vlog,Jimmy Butler,2019-09-10T23:39:34Z,https://www.youtube.com/watch?v=d0hNBVn2PC0,2441731
Royal Palace of Madrid | Spain | Pushkar Raj Thakur | Best Travel Destinations in Europe,Trading With PRT,2019-09-09T10:24:47Z,https://www.youtube.com/watch?v=30n9WSc8xEA,24629
Llegu√© a EGIPTO y todo es IMPACTANTE | Luxor,Luisito Comunica,2019-09-08T19:45:15Z,https://www.youtube.com/watch?v=Rb9gLpdb2nc,15284941
VIETNAM TRAVEL COST FROM INDIA | FLIGHT VISA HOSTEL INDIAN FOOD NIGHTLIFE | 4K,Travel Junkie,2019-09-06T13:50:56Z,https://www.youtube.com/watch?v=TsOqIMbWLHI,3831085
LIECHTENSTEIN CASTLE PARTY (hanging out with the PRINCE),Kara and Nate,2019-09-05T14:00:01Z,https://www.youtube.com/watch?v=20SgSrWjm1A,755847
The Ultimate Travel Guide - New Zealand | Curly Tales | #KamiyaJani,Curly Tales ,2019-09-05T11:58:02Z,https://www.youtube.com/watch?v=eWTk9cTx7s4,538073
"EXPLORING PRAGUE IN A DAY | Vintage Car Ride, Beer Spa, Boat Ride | Czech Republic Vlog #1",Kritika Goel,2019-09-03T13:03:50Z,https://www.youtube.com/watch?v=aBBMYiuvhHc,285920
IS NORTH KOREA WHAT YOU EXPECT?,Simon Wilson,2019-09-02T19:48:37Z,https://www.youtube.com/watch?v=3jwK0JHvr6Q,1355917
Is Positano Worth the Hype?! Italy&#39;s Amalfi Coast,Lost LeBlanc,2019-08-31T12:00:01Z,https://www.youtube.com/watch?v=EAP2zOYtE1M,2370996
Paris Tour | Kamiya Jani&#39;s 4-Day Itinerary | Curly Tales,Curly Tales ,2019-08-26T11:30:01Z,https://www.youtube.com/watch?v=9ET48vCw3Hg,792777
We Didn‚Äôt Expect Slovakia To Be THIS Beautiful | Bojnice Castle &amp; Sulov Rocks,Flying The Nest,2019-08-25T15:36:15Z,https://www.youtube.com/watch?v=ZsHBDcqAqhs,531380
This city was buried ALIVE - Pompeii TODAY,Lost LeBlanc,2019-08-24T12:00:01Z,https://www.youtube.com/watch?v=4jgRI3kIrz8,293358
Switzerland Tour | Kamiya Jani&#39;s 5-Day Itinerary | Curly Tales,Curly Tales ,2019-08-24T11:30:00Z,https://www.youtube.com/watch?v=gGDsFC4xMD0,1384174
FIRST CLASS GLACIER EXPRESS TRAIN (worth $300 for an 8 hour train ride?),Kara and Nate,2019-08-23T16:15:01Z,https://www.youtube.com/watch?v=M8MQo8flhWU,3441707
Sri Lanka Street Food - COLOMBO&#39;S BEST STREET FOOD GUIDE! CRAZY Fish Market + Spicy Curry!,Luke Martin,2019-08-22T11:30:00Z,https://www.youtube.com/watch?v=0bFs7ZYUxGQ,4387339
How To Make a TRAVEL VIDEO - 5 Steps to BETTER Editing,Lost LeBlanc,2019-08-21T14:45:00Z,https://www.youtube.com/watch?v=mPcGxk0tDJc,175338
NUCLEAR BUNKERS OF ALBANIA üá¶üá± | Tirana Travel Vlog Part 1 of 2,Dane and Stacey,2019-08-19T17:32:42Z,https://www.youtube.com/watch?v=v8ZBWATEDrU,88121
First Thoughts on Slovakia | We Spent 48 Hours in Bratislava,Flying The Nest,2019-08-19T13:00:13Z,https://www.youtube.com/watch?v=wZTQdRgfAX8,466755
Kaycee &amp; Rachel&#39;s first Business Class Airplane Ride,KAYCEE & RACHEL in WONDERLAND FAMILY,2019-08-18T02:54:29Z,https://www.youtube.com/watch?v=Zi54i2jukS0,51467298
Spending 3 Days in The World&#39;s Strangest City,Drew Binsky,2019-08-17T20:52:43Z,https://www.youtube.com/watch?v=hmIa2SGpm6s,8159210
GIRLFRIEND&#39;S DREAM VACATION SURPRISE (Bora Bora),Trev and Chels,2019-08-16T21:00:02Z,https://www.youtube.com/watch?v=KNX_jcTaPfw,1890321
12 Things Every First Timer MUST DO When Visiting NYC !,Jon Barr,2019-08-16T15:03:42Z,https://www.youtube.com/watch?v=1JJfWnAryrM,2898067
"Top five cheapest countries to travel from India in 2019: Budget travel, cheap flights, hostel &amp;more",Tamil Trekker,2019-08-16T14:54:37Z,https://www.youtube.com/watch?v=F8WIg9LYHpU,1134037
ALBANIA üá¶üá±Food &amp; First Impressions | Tirana Food Tour &amp; Travel Vlog,Dane and Stacey,2019-08-16T13:45:00Z,https://www.youtube.com/watch?v=N2ab7XwTNpg,296892
How To Travel Tunisia (COMPLETE TRAVEL GUIDE),Haley Takes On the World,2019-08-15T03:18:13Z,https://www.youtube.com/watch?v=FlarfmOPCnw,598692
SHILLONG&#39;S SPECIAL STREET FOOD | ALOO CHANNA | FOOD AND TRAVEL BLOG | YUMMY FOOD IN INDIA | LOVE IT|,Ayushi's BlogVlog,2019-08-13T16:15:28Z,https://www.youtube.com/watch?v=83X7jzdUo1U,26795
THE ULTIMATE BANFF + ICEFIELDS PARKWAY TRAVEL VLOG,TIM and FIN,2019-08-13T12:00:02Z,https://www.youtube.com/watch?v=9I2apS01YlA,544566
12 Days 8 Countries! In SouthEast Europe :),Mark Harrison,2019-08-12T14:25:12Z,https://www.youtube.com/watch?v=yTf5-9cVN9k,212568
[SEVENTEEN] GOING SEVENTEEN 2019 EP.12 SVT TRIP #1,SEVENTEEN,2019-08-12T13:10:04Z,https://www.youtube.com/watch?v=Wzf-zJSNbgc,4691992
Cool TRAVEL GIMBALS for Smartphones | FeiyuTech Vlog Pocket &amp; Moza Mini-S,iPhoneographers,2019-08-08T20:00:04Z,https://www.youtube.com/watch?v=p8-8HRRQdMQ,93059
CORFU üá¨üá∑ Paradise In 24 Hours | Best Beaches &amp; Old Town | Greece Travel Vlog,Dane and Stacey,2019-08-03T13:30:00Z,https://www.youtube.com/watch?v=T2O2eC8SdDk,170651
Fishing around the world with Kids (30 days). Fishing &amp; Adventure Travel VLOG (The movie),Outdoor Boys,2019-08-03T11:00:03Z,https://www.youtube.com/watch?v=TyvNsiu9Hmo,8011126
DE HEENREIS NAAR LOS ANGELES EN MYKONOS! | ONZE TRAVEL ROUTINE!,Girlys blog,2019-08-03T06:44:14Z,https://www.youtube.com/watch?v=NQ35qZx_J6U,714782
I Spent 24 Hours Straight At Area 51,MrBeast,2019-08-02T21:00:01Z,https://www.youtube.com/watch?v=TOcGSwJBPMQ,190971494
Ng·ªçc Trinh - My Day #17 | ƒÇn S·∫≠p Chatuchak V·ªõi 500k (500000 VND) | Bangkok Travel,Ng·ªçc Trinh Official,2019-08-02T10:57:45Z,https://www.youtube.com/watch?v=A4p-6pPTksU,11212764
K2 | A HATE STORY | UKHANO | VLOG,UKHANO,2019-08-01T11:05:03Z,https://www.youtube.com/watch?v=4_lIMjd0nnI,1993445
KUMRAT VALLEY | JAHAZ BANDA | Travel Guide|  Pakistan,Being A Traveler,2019-07-29T06:43:38Z,https://www.youtube.com/watch?v=FpMOvAiaPHQ,777129
A travel guide to GANPATIPULE | Ratnagiri | Maharashtra | Unadvised Traveller,Unadvised Traveller,2019-07-27T04:11:50Z,https://www.youtube.com/watch?v=wix1DZtrzCs,566049
Best of Our Japan Vacation! 14 Days in One Video! Full Vacation Vlog,Jones Family Travels,2019-07-26T18:00:00Z,https://www.youtube.com/watch?v=295EgIUagVA,919426
Philippines - Land of enchanted Islands | Epic Travel Cinematic,Benn TK,2019-07-23T09:28:18Z,https://www.youtube.com/watch?v=qi52KQs67MY,2536721
A Day in Barcelona | Grace&#39;s Vlog,Grace's Room,2019-07-22T08:43:05Z,https://www.youtube.com/watch?v=tyVsv0eJtms,252499
Sosyal Hangout by Alex Gonzaga,Alex Gonzaga Official,2019-07-20T06:19:13Z,https://www.youtube.com/watch?v=4RNLbfYQjCQ,9795683
A Cartoon Vlog on my NEPAL TRIP | By Antik Mahmud,Antik Mahmud,2019-07-19T13:57:45Z,https://www.youtube.com/watch?v=vcz0606G59w,1856665
What PLACES to visit in DELHI? | TRAVEL VLOG IV,Ivana Perkovic ,2019-07-18T15:30:01Z,https://www.youtube.com/watch?v=5XbbRDdwaGU,307689
What&#39;s Inside Harvard University? | Harvard Campus Tour,Hafu Go,2019-07-16T11:45:00Z,https://www.youtube.com/watch?v=bO4RoQL9H8I,3010922
Street Food in Peru - ULTIMATE 14-HOUR PERUVIAN FOOD + Market Tour in Lima!,Mark Wiens,2019-07-14T13:00:02Z,https://www.youtube.com/watch?v=Il3NjMlQ_dk,11879284
Team Sunweb Diaries | Tour de France | Cees Bol,Team Picnic PostNL,2019-07-13T19:13:48Z,https://www.youtube.com/watch?v=6pPW3wyuR98,428
Take Me to Nagaland | The Modern Naga Lifestyle | Kohima Edition | Ep1 Part 2 | North East India,Tanya Khanijow,2019-07-12T15:13:55Z,https://www.youtube.com/watch?v=WLs5oU0MlXA,1764839
48 hours of travel with kids | Flying with kids,Raising Voyagers,2019-07-11T23:38:12Z,https://www.youtube.com/watch?v=FfFT0foMRj4,133404
Pre Trip Vlog,Northern Colorado Athletics,2019-07-11T21:38:33Z,https://www.youtube.com/watch?v=F0ZgdgAvXYs,199
Exploring Seceda + Ortisei in the Dolomites | Italy Day 2,Adventures of A+K,2019-07-11T02:16:36Z,https://www.youtube.com/watch?v=H9Vf7kZxA6o,196740
Real North Korea | Myths and Facts | Travelling Mantra part -1,Travelling Mantra,2019-07-10T19:20:44Z,https://www.youtube.com/watch?v=-eDqYC7rHtk,9415072
We Slept in a AIRPLANE HOTEL?! - 7 Days in Stockholm Sweden,Lost LeBlanc,2019-07-06T18:00:04Z,https://www.youtube.com/watch?v=XaSwz0WwhAs,92308
Travis and kids Playtime at the Beach,Travis in WONDERLAND,2019-07-06T06:45:02Z,https://www.youtube.com/watch?v=V7Iw9wNo53I,206433408
I Tried Unique Japanese Vending Machines In Tokyo,Safiya Nygaard,2019-07-06T01:38:58Z,https://www.youtube.com/watch?v=Fr-qagv7ig0,18630421
SERBIA WILL SURPRISE YOU! Belgrade First Impressions | Serbia Travel Vlog,Dane and Stacey,2019-07-05T14:00:11Z,https://www.youtube.com/watch?v=gJ_D9aX-YEw,298227
BEST PLACES TO EAT ON THE AMALFI COAST ITALY | Italy Travel Vlog,EURO TROTTER,2019-06-30T22:37:42Z,https://www.youtube.com/watch?v=yigNYRxCm4s,1248334
BEST PLACES TO EAT ON THE AMALFI COAST ITALY | Italy Travel Vlog,EURO TROTTER,2019-06-30T22:37:42Z,https://www.youtube.com/watch?v=yigNYRxCm4s,1248334
CLOSET TOUR - Expectations vs Reality | Behind the Scenes | #Fun #Vlog #Anaysa,Anaysa,2019-06-28T13:00:02Z,https://www.youtube.com/watch?v=GyTuKb8YggQ,19582073
Tourist places to visit in Darjeeling | NORTH EAST INDIA Part 1 | Tamil Travel vlog,Tamil Trekker,2019-06-28T11:49:50Z,https://www.youtube.com/watch?v=N0fKJNOW7HU,282013
ZIARAT | Cherry Gardens | Balochistan | Pakistan | Part I |,Balochistan : Land of Beauty,2019-06-28T10:00:08Z,https://www.youtube.com/watch?v=nzmoz8X37yY,1181475
A Day in Paris | Grace&#39;s Vlog,Grace's Room,2019-06-28T00:10:42Z,https://www.youtube.com/watch?v=GOL8_s9PNHg,311167
Biyahe ni Drew: Heartwarming trip in Southern Leyte | Full Episode,GMA Public Affairs,2019-06-26T05:48:32Z,https://www.youtube.com/watch?v=C-DICqUFDM8,420202
Japan EPIC Travel Video | Sony a7III &amp; Zeiss Batis Cinematic Showcase 4K,Jason Vong,2019-06-24T14:00:03Z,https://www.youtube.com/watch?v=rcnLTnGGBU0,516028
SPIDER-MAN: FAR FROM HOME Travel Vlog - China,Sony Pictures Entertainment,2019-06-21T20:42:38Z,https://www.youtube.com/watch?v=YcRL2e1LyJI,209141
#Shorts Kidre Jaawan - Haraamkhor | Jasleen Royal | Travel Vlog|(Vertical video),Niharika Dutt,2019-06-20T07:59:13Z,https://www.youtube.com/watch?v=lEJr2wv5skI,7927
Traveling to Almora üòÄ,Sourav Joshi Vlogs,2019-06-14T01:02:25Z,https://www.youtube.com/watch?v=jcRfLvULMsI,2952236
our first road trip together...,bestdressed,2019-06-13T19:40:32Z,https://www.youtube.com/watch?v=ios8B3UDgjU,1508844
SPIDER-MAN: FAR FROM HOME Travel Vlog - Bali,Sony Pictures Entertainment,2019-06-13T18:00:05Z,https://www.youtube.com/watch?v=UwJkysGrc8I,214018
JAPAN ADVENTURES! | Osaka &amp; Kyoto Travel Vlog (Pt.2),AmandaRachLee,2019-06-12T17:47:37Z,https://www.youtube.com/watch?v=pRxfkmhDH5Y,308285
Swimming at Khanpur Dam | Khanpur Dam | Khanpur Nehar,Rawalpindians Tv,2019-06-12T11:40:53Z,https://www.youtube.com/watch?v=BfA28E8M_p8,77176
Top 12 Attractions in Hanoi - Things To Do in Hanoi - Vietnam Travel Guide,Welcome To Vietnam,2019-06-10T03:32:14Z,https://www.youtube.com/watch?v=dWldEwi7B5M,4794
7 Days in Bali,JianHao Tan,2019-06-09T13:00:45Z,https://www.youtube.com/watch?v=mTzihhmIUpI,2702148
"The highlight of my trip to Bali Island, Indonesia",Ny Ka,2019-06-08T07:51:09Z,https://www.youtube.com/watch?v=rjLBvXx_y2M,4877
FINE TUNE Your Travel Vlog | Filmora9 Travel Vlog Series,Wondershare Filmora Video Editor,2019-06-05T12:30:08Z,https://www.youtube.com/watch?v=Uv0nagAijuI,29820
First Impressions of COPENHAGEN (strangest place we&#39;ve ever been),Kara and Nate,2019-06-04T14:00:05Z,https://www.youtube.com/watch?v=cvP5JN6qEZE,1268590
Kylie Jenner: A Day in the Life,Kylie Jenner,2019-06-04T03:08:18Z,https://www.youtube.com/watch?v=HhM0BYCHL00,75339758
Buying Gold in Dubai Airport! Wow! :D #Dubai #Gold #Market #Airport #Travel #Vlog #Souk #GoldSouk,International Stacker,2019-06-02T17:58:45Z,https://www.youtube.com/watch?v=Kx9WjB9A-3Y,291850
HOW TO EDIT a Travel Vlog | Filmora9 Travel Vlog Series,Wondershare Filmora Video Editor,2019-06-02T00:30:11Z,https://www.youtube.com/watch?v=uVmtkYaD1y8,89593
Top 10 Things to DO in KOBE Japan &amp; Kobe Beef Spots | WATCH BEFORE YOU GO,Paolo fromTOKYO,2019-06-01T00:01:00Z,https://www.youtube.com/watch?v=IuYiYzmO3qk,908512
HOW TO FILM a Travel Video | Filmora9 Travel Vlog Series,Wondershare Filmora Video Editor,2019-05-29T12:29:52Z,https://www.youtube.com/watch?v=FyIb82iLqQA,36265
"First Thoughts on Russia | We Spent 48 Hours in St Petersburg, Russia",Flying The Nest,2019-05-28T05:47:09Z,https://www.youtube.com/watch?v=Wn0ReF54Gvc,1060331
SIKKIM TRAVEL VLOG | Bagdogra to Gangtok - Vlog #1 | North East India | Kritika Goel,Kritika Goel,2019-05-27T14:57:24Z,https://www.youtube.com/watch?v=gtm2O_6_mUM,817764
NAGALAND - DZULEKE &amp; KHONOMA | Travelling in North-East India | Indian Travel vlogs,Larissa DSa,2019-05-27T05:58:41Z,https://www.youtube.com/watch?v=UIoMQxSX-vw,918971
Traveling To Uttrakhand  with my  Family  üòÄ,Sourav Joshi Vlogs,2019-05-27T02:07:21Z,https://www.youtube.com/watch?v=8WgU-3gd4ys,10080565
800 NG√ÄY ƒêI KH·∫ÆP VI·ªÜT NAM |800 days around VietNam,Khoai Lang Thang,2019-05-25T03:47:15Z,https://www.youtube.com/watch?v=TrbtMqHSmcc,4020371
My Trip to Australia,Claudia Sulewski,2019-05-21T20:03:09Z,https://www.youtube.com/watch?v=i66H50mreEc,1380006
10 Best Places to Visit in Sri Lanka - Travel Video,touropia,2019-05-21T14:30:56Z,https://www.youtube.com/watch?v=buns7DpTL_I,2393797
"Ultimate India Motorbike Trip üáÆüá≥| 8,000km in 43 Days",Jacob Laukaitis,2019-05-21T14:00:04Z,https://www.youtube.com/watch?v=U479w79_LWo,2435480
10 Best Places to Visit in Russia - Travel Video,touropia,2019-05-19T21:29:00Z,https://www.youtube.com/watch?v=YrNxPr4PKQo,1229772
Bangladesh Fountain/‡¶¨‡¶æ‡¶Ç‡¶≤‡¶æ‡¶¶‡ßá‡¶∂ ‡¶ù‡¶∞‡ßç‡¶®‡¶æ,Rahemul Sohel ,2019-05-19T07:35:58Z,https://www.youtube.com/watch?v=mM20521wjk0,16082
I Went to Japan for the First Time | Tokyo Travel Vlog (Pt.1),AmandaRachLee,2019-05-18T13:57:42Z,https://www.youtube.com/watch?v=QPcwfuStFnU,1455089
"Travel via the BIGGEST AIRPORT IN THE WORLD, ISTANBUL | Turkey Travel Vlog",Dane and Stacey,2019-05-17T13:00:03Z,https://www.youtube.com/watch?v=HpO-sV7TSSk,125866
SPIDER-MAN: FAR FROM HOME Travel Vlog - Mexico,Sony Pictures Entertainment,2019-05-16T23:08:05Z,https://www.youtube.com/watch?v=BOkKYRJrPvc,513275
DISAPPOINTING Day in Helsinki | Finland Travel Vlog,Kara and Nate,2019-05-16T14:00:04Z,https://www.youtube.com/watch?v=GD0Vr4dn2YM,394886
Eva zu beck boyfriend at Pakistan and egypt,Rafaqat Ali,2019-05-14T10:38:33Z,https://www.youtube.com/watch?v=U-evtUz2h60,89208
Is The Gambia SAFE? (I didn&#39;t expect this) | Africa Travel Vlog,Ella McKendrick,2019-05-12T15:00:09Z,https://www.youtube.com/watch?v=niWFt9aD0BU,161621
"Street Food in Brazil - RIO DE JANEIRO Brazilian Food + Attractions in Rio, Brazil!",Mark Wiens,2019-05-12T13:00:03Z,https://www.youtube.com/watch?v=TlWDF3BfUdo,8471030
Cheerleading Competition Vlog - Travel Edition!,Anna McNulty,2019-05-11T12:57:44Z,https://www.youtube.com/watch?v=cHALLl_G35k,2813068
Big Tusk Elephant in Thailand,David Nieuwenhoven The Honest Online Marketer,2019-05-11T04:50:16Z,https://www.youtube.com/watch?v=bhRGfrtvXTs,14505
Mahendra Travels Raipur To Surat Daily Service,Bus Click Raipur - BCR,2019-05-10T16:11:26Z,https://www.youtube.com/watch?v=MHihw1hmv4g,13432
10 Best Places to Visit in Egypt - Travel Video,touropia,2019-05-07T12:24:47Z,https://www.youtube.com/watch?v=rsv4drcgHys,1722675
9 LIFE Saving TRAVEL Hacks You Must Know | #Travel #Trip #Journey #Anaysa,Anaysa,2019-05-06T13:00:08Z,https://www.youtube.com/watch?v=yZG6Ep0EixE,34620153
Iceland to Greenland [ HAD to EAT WHALE üò± ],Devang Sethi,2019-05-05T06:33:13Z,https://www.youtube.com/watch?v=oc18CdXDzPM,300783
10 Best Places to Visit in Italy - Travel Video,touropia,2019-05-03T22:40:53Z,https://www.youtube.com/watch?v=FlRwssZYRM0,6897466
10 Best Places to Visit in Germany - Travel Video,touropia,2019-05-02T09:16:19Z,https://www.youtube.com/watch?v=IPbzWJNmndY,2618543
"TRAVEL VLOG: JOSHUA TREE, CA",Tess Christine,2019-04-28T14:50:02Z,https://www.youtube.com/watch?v=mVFKQc0O55I,242291
War in Beirut &amp; THIS Restaurant Stayed Open! Lebanon Travel Vlog,Kara and Nate,2019-04-21T14:00:04Z,https://www.youtube.com/watch?v=ZofFnbGKdpA,361167
5 places to visit in Gaza,TRT World,2019-04-19T12:10:26Z,https://www.youtube.com/watch?v=JBo7i-TXy6s,2018877
Solo in Paro Bhutan | Tiger&#39;s Nest visit | Bhutan Travel Guide | Bhutan Series Ep 1 | Tanya Khanijow,Tanya Khanijow,2019-04-16T14:50:42Z,https://www.youtube.com/watch?v=_lcOX55Ef70,2825201
How to Make an Epic Travel Vlog with a Smartphone | Samsung Galaxy S10+,Eva zu Beck,2019-04-15T13:00:01Z,https://www.youtube.com/watch?v=MG00dpSEBAI,127053
What to do in Hiroshima &amp; Miyajima | 6 Must Try Travel Ideas,Abroad in Japan,2019-04-14T17:03:03Z,https://www.youtube.com/watch?v=zlpUjbQ91gE,1988019
First Day in LEBANON (Nate Got Sick),Kara and Nate,2019-04-14T14:00:07Z,https://www.youtube.com/watch?v=YhxlQZ_nA1I,484277
BEST ROADTRIP IN THE PHILIPPINES Davao Oriental (No Tourist!!),FEATR,2019-04-13T08:30:02Z,https://www.youtube.com/watch?v=GPXUrn-rfbc,655478
A Night Walk in Madurai - ‡¥Æ‡¥ß‡µÅ‡¥∞‡¥Ø‡¥ø‡¥≤‡µÜ ‡¥∞‡¥æ‡¥§‡µç‡¥∞‡¥ø ‡¥Æ‡¥æ‡µº‡¥ï‡µç‡¥ï‡¥±‡µç‡¥±‡¥ø‡¥≤‡µÜ ‡¥µ‡µç‡¥Ø‡¥§‡µç‡¥Ø‡¥∏‡µç‡¥§‡¥Æ‡¥æ‡¥Ø ‡¥ï‡¥æ‡¥¥‡µç‡¥ö‡¥ï‡µæ,Tech Travel Eat by Sujith Bhakthan,2019-04-06T06:30:00Z,https://www.youtube.com/watch?v=y_gdNcOnvCc,193282
Why Pakistan Can Become the #1 Travel Destination in the World,Eva zu Beck,2019-04-04T11:12:33Z,https://www.youtube.com/watch?v=AeSadjRblyM,1498555
"Madurai Bun Parotta, Mutton Curry Dosa &amp; Jigarthanda, Madurai Food Vlog Part 2",Tech Travel Eat by Sujith Bhakthan,2019-04-02T06:30:01Z,https://www.youtube.com/watch?v=KBsATu672Ts,489972
Portland | Cinematic Travel Video | Road Trip,Chris & Jenelle,2019-04-02T00:42:31Z,https://www.youtube.com/watch?v=7h7Aq8U3zuo,638
Twin Lakes Hotel Tagaytay Tour | @OhHelloNinaXO,Nina | @ohhelloninaxo,2019-04-01T07:57:09Z,https://www.youtube.com/watch?v=qNervl3TBG4,5321
KREW House Tour! Ft. Doggos,ItsFunneh,2019-03-31T19:00:04Z,https://www.youtube.com/watch?v=rCaQvpA4qAg,16373781
JORDAN Travel Vlog | Jesus Was Baptized HERE (Jerash &amp; Mt. Nebo),Kara and Nate,2019-03-30T14:01:10Z,https://www.youtube.com/watch?v=zeQ4qrFwePM,447275
TRAVEL PRODUCT REVIEWS | Portable Humidifier &amp; Footrest | DOES IT WORK?,Hey Nadine,2019-03-27T20:00:00Z,https://www.youtube.com/watch?v=7M9BafHOGNk,82070
How to Holiday in London: By a Londoner - 5 Days Travel Vlog &amp; Guide,Suitcase Monkey,2019-03-24T19:58:11Z,https://www.youtube.com/watch?v=E-nJHaHlyG8,2658966
I really need to be more careful üòÖ ¬ª  travel vlog,Pick Up Limes,2019-03-22T22:35:50Z,https://www.youtube.com/watch?v=KQkuE_gwVGQ,389749
5 Easy Tips to Cinematic Travel Video,Indy Mogul,2019-03-12T21:13:30Z,https://www.youtube.com/watch?v=Y3ZHzPRbR2A,107716
"Kolkata, West Bengal Food &amp; Travel EP 1 | Food Heaven",visa2explore,2019-03-10T03:30:01Z,https://www.youtube.com/watch?v=gMdZFFAo-_E,2773768
SNOWBOARDING HOKKAIDO JAPAN | NISEKO SKI TRAVEL VLOG,vagabrothers,2019-03-09T17:30:30Z,https://www.youtube.com/watch?v=9KRttNCOAi8,178675
What I Pack for Vacation!,Anna McNulty,2019-03-09T13:03:37Z,https://www.youtube.com/watch?v=7fMW50cf9xM,1396088
Pondicherry tour plan and budget | Pondicherry kaise ghume | Pondicherry tour guide,Distance between,2019-03-07T11:21:52Z,https://www.youtube.com/watch?v=ri6Z33IMpKI,236911
How to cook a Costa Rican Breakfast | Jimmy Butler travel vlog,Jimmy Butler,2019-03-04T02:42:19Z,https://www.youtube.com/watch?v=B1LRgvYc6JY,306065
4 days in Malta: Maltese Food you NEED to Try | Travel Vlog,Kristen & Siya,2019-03-03T16:00:00Z,https://www.youtube.com/watch?v=7gzQAqss_8o,213413
119 Day Cruise AROUND THE WORLD | MSC Magnifica Full Ship Tour,Kara and Nate,2019-02-26T14:58:40Z,https://www.youtube.com/watch?v=VAmtB1IMbPI,1759302
24 HOURS on the SMALLEST ISLAND in the Caribbean | Saba Travel Vlog,Kara and Nate,2019-02-23T15:02:25Z,https://www.youtube.com/watch?v=eZKTBcY_0cA,313626
Baby&#39;s first 9 hour flight ‚úàÔ∏è,Dad V Girls,2019-02-21T21:48:25Z,https://www.youtube.com/watch?v=PG8WSSjGfbs,2307752
Mermaids swimming in the Jungle!,Ninja Kidz TV,2019-02-16T13:30:03Z,https://www.youtube.com/watch?v=XzG8FQYy4ww,22826318
Swimming in the Ocean with Whale Sharks and Manta Rays!,Ninja Kidz TV,2019-02-14T19:30:00Z,https://www.youtube.com/watch?v=K4D89vyb4As,38175064
#1 BEST WIENERSCHNITZEL IN VIENNA | Vienna Travel Vlog,EURO TROTTER,2019-02-12T20:11:00Z,https://www.youtube.com/watch?v=I8527QvICKM,235593
"CUBA! Here&#39;s What Surprised Us Most: Safety, Food, Money, Cigars, Cars",Kara and Nate,2019-02-11T15:00:03Z,https://www.youtube.com/watch?v=TXUPEy0fqLY,717907
Inside Nauru | The World&#39;s Least Visited Country,Drew Binsky,2019-02-10T15:00:01Z,https://www.youtube.com/watch?v=7WKEZPF489U,2412993
THAILAND FOOD TOUR | Bangkok Thai Street Food | A Chefs Tour Travel Vlog,Dane and Stacey,2019-02-05T13:00:01Z,https://www.youtube.com/watch?v=0WnbWmyjLBY,333185
Samarkand | Travel to Uzbekistan&#39;s Silk Road Treasure,vagabrothers,2019-02-02T15:45:01Z,https://www.youtube.com/watch?v=R7eEylfmDnk,248578
"Travel Tinder in MY NEW FAVOURITE INDIAN CITY (Aizawl, Mizoram)",Karl Rock,2019-02-01T15:30:00Z,https://www.youtube.com/watch?v=3hGgGGYROGw,474634
CUBAN STREET FOOD | What locals eat in Cuba | Havana Travel Vlog,Kara and Nate,2019-01-31T19:50:39Z,https://www.youtube.com/watch?v=8bKzcwbKi40,652115
GoPro TRAVEL video editing 2019,Jake Rich and Anna Chah,2019-01-29T09:08:45Z,https://www.youtube.com/watch?v=EuHK0pcTYmo,111283
Uzbekistan - Why You Should Visit Now &amp; Tashkent Travel Guide,vagabrothers,2019-01-26T15:49:23Z,https://www.youtube.com/watch?v=xiJVQZmLaHE,729391
Republic Day Ride with Super Splendor,Exploring Assam,2019-01-26T12:27:24Z,https://www.youtube.com/watch?v=VaqfahjaUzA,483
North India vs. South India | What&#39;s The Difference?,Drew Binsky,2019-01-25T13:00:06Z,https://www.youtube.com/watch?v=X0UVm3lH93A,2256531
GILI ISLANDS üèù Scuba Diving in Gili Trawangan | Bali Travel Vlog #2 with When In City,Kritika Goel,2019-01-25T12:31:43Z,https://www.youtube.com/watch?v=VL0s0RBbf7Q,202648
Music Travel Love (2018 Rewind Vlog),Music Travel Love,2019-01-25T01:00:08Z,https://www.youtube.com/watch?v=tdKoQ642cEU,156820
"MADE IT TO BALI ‚òÄ Seminyak, Uluwatu, Kecak Dance | Bali Travel Vlog #1 with When In City",Kritika Goel,2019-01-19T12:40:57Z,https://www.youtube.com/watch?v=_-Jn891cBTQ,408580
My time in ABUDHABI! | Travel vlogs | #LarsaTravels,Larissa DSa,2019-01-19T12:27:44Z,https://www.youtube.com/watch?v=YNLtyzSUZ9I,288242
24 Hours IGLOO Challenge | #Fun #Europe #DIML #Vlog #MyMissAnand,MyMissAnand,2019-01-18T08:30:00Z,https://www.youtube.com/watch?v=A0BiyARxEHg,10684927
HOME TOUR | LIFE STYLE | 20 Things you don&#39;t know about Aayu and Pihu Show VLOGS Kids at Home,Aayu and Pihu Show,2019-01-17T08:30:01Z,https://www.youtube.com/watch?v=HoE2LBSqPMM,24882683
SCUBA DIVING BELIZE | Ambergris Caye and Placencia | travel vlog 2019,Fearless & Far,2019-01-17T05:40:37Z,https://www.youtube.com/watch?v=RmHsznIrE1w,91909
"DUBAI MALL, GLOBAL VILLAGE, SHOPPING &amp; FOOD | Dubai Trip Vlog",SugarSpiceNice India,2019-01-16T09:30:02Z,https://www.youtube.com/watch?v=m-lvPqSQhAE,247118
48 Hours in MUMBAI: The City That Never Sleeps | Curly Tales,Curly Tales ,2019-01-16T04:30:33Z,https://www.youtube.com/watch?v=Er-P4oGoQBs,523151
Visit New Orleans - The Don&#39;ts of Visiting New Orleans,Wolters World,2019-01-12T16:21:52Z,https://www.youtube.com/watch?v=OwsyTmNB-aQ,2379821
My week in Rome ‚éúTravel Vlog,Claudia Sulewski,2019-01-07T18:31:17Z,https://www.youtube.com/watch?v=hrGcKR-d0fs,305065
"4 Beautiful Days in SANTORINI Vlog - Thira, Oia, Blue Domes, Sunsets, Volcano Tour, Greece",Suitcase Monkey,2019-01-06T19:57:48Z,https://www.youtube.com/watch?v=PkyPumk8330,1241547
"Kochi, Fort kochi Episode  1 Kerala Tourism | Things to do in Kochi",visa2explore,2019-01-06T03:30:01Z,https://www.youtube.com/watch?v=i1U6N_qwwqE,3295209
How To Shoot Travel Videos | 5 Pro Tips,Learn Online Video,2019-01-01T23:26:44Z,https://www.youtube.com/watch?v=0q40gUXoJ2I,1234162
10 Best Places to Visit in South Africa - Travel Video,touropia,2018-12-31T15:29:52Z,https://www.youtube.com/watch?v=zNx5F8htBvo,2392439
"JAPAN Street Food $100 CHALLENGE in Asakusa, Tokyo! The best Japanese Street Food in Tokyo!",Best Ever Food Review Show,2018-12-30T12:26:55Z,https://www.youtube.com/watch?v=An6cuIMTgxo,12501504
Disney World Orlando Trip 2018 - Izabelle &amp; Nathan,Haroon Nasri,2018-12-28T15:42:18Z,https://www.youtube.com/watch?v=S7Zs6_tcmSM,58
Swiss Travel Pass Or A Rented Car For Exploring Switzerland on a Budget - All You Need To Know..,Traveling Desi,2018-12-28T14:58:46Z,https://www.youtube.com/watch?v=dpb471h9VEM,734558
Kumrat Valley | Mooroo | VLOG,Taimoor Salahuddin aka Mooroo,2018-12-28T13:00:08Z,https://www.youtube.com/watch?v=YK_62A_tuGM,428362
"HAWAII TRAVEL VLOG - Part 2 | GUCCI, LV, CHANEL, YSL, Sightseeing &amp; Eating",Mel in Melbourne,2018-12-26T04:30:00Z,https://www.youtube.com/watch?v=_jnVKqbsEmw,190702
What my trip to Japan was like,JaidenAnimations,2018-12-23T19:07:34Z,https://www.youtube.com/watch?v=byldfZxK0AU,40814961
"WE SPENT ONE MONTH IN AFRICA Anne and Erwan (Zimbabwe, South Africa, Zambia, Kenya)",FEATR,2018-12-23T08:57:41Z,https://www.youtube.com/watch?v=EgGofI0x6Hw,2093734
96 HOURS IN TURKEY,Irfan Junejo,2018-12-22T14:47:13Z,https://www.youtube.com/watch?v=IOmd-eRD55w,1903390
"Trip to Nottingham, England | UK travel vlog",Renata Pereira,2018-12-19T15:49:07Z,https://www.youtube.com/watch?v=KD8aHQcmS0U,85601
"TOP 13 MUST EAT FOODS in Chiang Mai, Thailand (DIY Thai Food Tour)",Kara and Nate,2018-12-19T15:00:06Z,https://www.youtube.com/watch?v=o2l59pRPT8U,463883
Varanasi - Cinematic travel film (Sony A7iii),Ben Mikha,2018-12-18T04:30:01Z,https://www.youtube.com/watch?v=1udJsv1VcII,3342151
"My Solo Trip to Portugal | Lagos, Lisbon + Porto",Allison Anderson,2018-12-14T18:43:20Z,https://www.youtube.com/watch?v=zHyv-_XlDpE,336947
"Switzerland In Rs. 75,000 - 10 Days 10 Cities - A Budget Trip from India - All You Need to Know",Traveling Desi,2018-12-13T14:57:45Z,https://www.youtube.com/watch?v=_64diyTtjwQ,3630964
How To Travel EAST JAVA - COMPLETE Guide to Bali&#39;s Neighbour,Lost LeBlanc,2018-12-10T14:15:00Z,https://www.youtube.com/watch?v=tm_rPzf6NJc,1151600
Traveling with Camera Gear SUCKS!... But here&#39;s how to do it,Potato Jet,2018-12-10T12:30:00Z,https://www.youtube.com/watch?v=TFcHUCHlh74,237845
Baton Rouge Vacation Travel Guide | Expedia,Expedia,2018-12-05T05:37:06Z,https://www.youtube.com/watch?v=Ca8slCfepjg,200203
Street Food in Peshawar - AMAZING PAYA + CHARSI TIKKA | Pakistani Food Tour!,Mark Wiens,2018-12-02T13:00:02Z,https://www.youtube.com/watch?v=CodtdeXZhJA,13277344
"9 Things You MUST Do in Osaka, Japan",JianHao Tan,2018-12-02T09:48:25Z,https://www.youtube.com/watch?v=I1VlOq9hhBM,1946737
HOW TO MAKE A TRAVEL VLOG - Camiguin Island Vlogging TIPS,Lost LeBlanc,2018-12-01T22:15:00Z,https://www.youtube.com/watch?v=qbDgjwB93i8,606896
Venice and Rome by Alex Gonzaga,Alex Gonzaga Official,2018-11-30T03:58:15Z,https://www.youtube.com/watch?v=GE2WEW-xveI,5768198
Oman Travel Tales Episode 2 - Top 7 Things To Do In Muscat | Curly Tales,Curly Tales ,2018-11-28T11:30:01Z,https://www.youtube.com/watch?v=KtzMwFnFUuM,667181
WEEKEND STAYCATION at Radisson Hotel Mumbai Goregaon | 5 Star Hotel in Mumbai,SugarSpiceNice India,2018-11-27T04:30:00Z,https://www.youtube.com/watch?v=0LWRaLb7hMQ,150253
Biyahe ni Drew: Flavors of Cebu (Full episode),GMA Public Affairs,2018-11-26T10:33:58Z,https://www.youtube.com/watch?v=SuUXq-CLBqo,3287729
FIRST IMPRESSIONS OF CANADA | Vancouver Travel Vlog,Kara and Nate,2018-11-25T14:00:01Z,https://www.youtube.com/watch?v=Fsr7UbxuHTg,567192
60 Seconds MACAU TRAVEL | Top Things to Do &amp; See,Divergent Travelers,2018-11-22T16:17:14Z,https://www.youtube.com/watch?v=hMO44kbZTec,21361
"TRAVEL VLOG: BANFF, ALBERTA",Tess Christine,2018-11-22T00:09:40Z,https://www.youtube.com/watch?v=b8fjtm32G_A,397969
IS SPANISH FOOD GOOD? Ultimate Northern Spain Food Tasting | Asturias Travel Vlog,Dane and Stacey,2018-11-19T14:00:00Z,https://www.youtube.com/watch?v=4E2K3IrhKJE,136786
"Things to do in Manchester, England - UK Travel vlog",Renata Pereira,2018-11-18T19:37:17Z,https://www.youtube.com/watch?v=81IzuIZf2AQ,134554
Weekend in North Goa üåä GOA TRAVEL VLOG | Kritika Goel,Kritika Goel,2018-11-17T09:25:54Z,https://www.youtube.com/watch?v=0W0KL44OJbY,184225
Climbing The Americas (Road Trip) - vlog #2,Adam Ondra,2018-11-16T18:56:08Z,https://www.youtube.com/watch?v=mVDyk0EG8sc,171197
PEAKS OF EUROPE | Northern Spain Travel Vlog | Picos De Europa National Park Asturias,Dane and Stacey,2018-11-16T14:00:03Z,https://www.youtube.com/watch?v=d_a83t4Dmeo,112141
Climbing The Americas (Road Trip) - vlog #3,Adam Ondra,2018-11-16T07:39:04Z,https://www.youtube.com/watch?v=CysVR2VaVW4,168156
Family Camping - Our Gear Overview,Woody Brown,2018-11-16T01:29:58Z,https://www.youtube.com/watch?v=sYeHq3wRexY,345828
Fort Kochi | Kochi Travel Guide | Travel Video | Kerala Tourist Places | Kochi Tour Informations,MM Travel Guide English,2018-11-15T13:58:24Z,https://www.youtube.com/watch?v=KtuT6yl9t6M,126535
NORTHERN SPAIN - SO UNDERRATED ‚ù§Ô∏èNorth Coast of Spain  | Asturias Travel Vlog,Dane and Stacey,2018-11-14T14:00:06Z,https://www.youtube.com/watch?v=OdKI-fHG_ZY,143140
TRAVEL VLOG: CARNIVAL VALOR CRUISE| JESSICA ALYSE,Jessmyluxe,2018-11-14T04:50:07Z,https://www.youtube.com/watch?v=VVjTpeoJRLE,522
Old Trafford stadium tour - MANCHESTER UNITED! UK Travel vlog,Renata Pereira,2018-11-11T19:40:50Z,https://www.youtube.com/watch?v=6EJWUDogXF4,259487
"Street Food in Pakistan - ULTIMATE 16-HOUR PAKISTANI FOOD Tour in Lahore, Pakistan!",Mark Wiens,2018-11-11T13:00:03Z,https://www.youtube.com/watch?v=Xdya8eym9nM,18698661
How To Plan Spain Trip From India | 7 Days Europe Travel | In Hindi | Desi Couple On The Go,Desi Couple On The Go,2018-11-11T10:55:56Z,https://www.youtube.com/watch?v=V7jQ7BpQfl8,169339
"Jodhpur, Rajasthan: EP 1 street food, places to visit  | Rajasthani Thali",visa2explore,2018-11-11T03:30:00Z,https://www.youtube.com/watch?v=4_nBR8ScDLE,2382824
Exotic THAI FOOD Tour in Bangkok with Mark Wiens! Freaky Thai Food + Yummy Face Challenge,Best Ever Food Review Show,2018-11-07T13:21:34Z,https://www.youtube.com/watch?v=nZ3Zc1DJOgY,10174293
24 HOURS IN KAZAKHSTAN! Almaty Travel Vlog,Kara and Nate,2018-11-06T14:00:09Z,https://www.youtube.com/watch?v=Zg3euh8V70I,666221
THIS IS AZERBAIJAN? | Baku Travel Vlog,Kara and Nate,2018-11-04T14:00:06Z,https://www.youtube.com/watch?v=yzxX5XUto-o,1225517
10 Best Places to Visit in Australia - Travel Video,touropia,2018-11-04T00:01:15Z,https://www.youtube.com/watch?v=PdVLk_dPmtc,3054179
An Inside Look at Morocco&#39;s Most Luxurious Hotel,WeWanderlustCo,2018-10-25T19:10:41Z,https://www.youtube.com/watch?v=gaCX0L_hyRI,18251
Birmingham City Centre - UK Travel Vlog,Renata Pereira,2018-10-23T17:30:10Z,https://www.youtube.com/watch?v=0ReDuH0_rpI,387352
Ana‚Äôs After School Routine | #Kids #MyMissAnand #Fun #Vlog #DIML #ShrutiArjunAnand,Shruti Arjun Anand,2018-10-23T13:00:08Z,https://www.youtube.com/watch?v=jPI7ujTdtOE,24142508
The Hidden Gem in Kottayam - Mango Meadows - Vlog 383 Tech Travel Eat #Exclusive,Tech Travel Eat by Sujith Bhakthan,2018-10-22T04:03:28Z,https://www.youtube.com/watch?v=XueXlHEkKHw,223077
"3 Days in MALTA - Valletta, Mdina, Stunning Blue Grotto, 3 Cities",Suitcase Monkey,2018-10-21T18:58:17Z,https://www.youtube.com/watch?v=TwtZ8oinQck,3374226
Water Park Equipment Vacuum Waves Pool Family Commercial Swimming Pool,Wenwen Sports Equipment,2018-10-18T06:36:13Z,https://www.youtube.com/watch?v=1tL0juJ0XRA,288592078
9 REASONS TO VISIT ZAGREB + WHAT TO DO IN ZAGREB | Croatia Travel Vlog,Dane and Stacey,2018-10-17T13:30:01Z,https://www.youtube.com/watch?v=xwtfBWbZRKo,91974
"Visit Pakistan: Mohenjodaro, Sindh (UNESCO World Heritage Site)",Ali_Malik,2018-10-09T20:41:38Z,https://www.youtube.com/watch?v=7x8-h_tUsjM,863425
Fast and Easy Travel Videos (How To: Beginner),Thomas Alex Norman,2018-10-09T17:58:41Z,https://www.youtube.com/watch?v=ugFOzRNQXSQ,99947
"Our Japan Trip starts NOW! ‚úàÔ∏è  Flying to Japan from Canada Travel Vlog üá®üá¶‚ÜíüáØüáµ Flight, Mistakes, Meals",Samuel and Audrey - Travel and Food Videos,2018-10-07T15:00:07Z,https://www.youtube.com/watch?v=jkjkbFPa9JE,108598
How to TRAVEL DUBAI on a BUDGET - Enjoy Luxury CHEAP,Lost LeBlanc,2018-10-07T13:40:31Z,https://www.youtube.com/watch?v=aS2PtFbteT8,1910876
Surviving the World&#39;s Most Expensive City (Luanda),Drew Binsky,2018-10-05T15:15:01Z,https://www.youtube.com/watch?v=0leZpRew-UM,1241794
Boston | Travel Vlog,Andrea,2018-10-04T16:00:10Z,https://www.youtube.com/watch?v=hAC1FDfDNJg,152
Busan Vacation Travel Guide | Expedia,Expedia,2018-10-04T10:41:03Z,https://www.youtube.com/watch?v=Qh3wrmSUqaI,1424457
10 Best Places to Visit in Turkey - Travel Video,touropia,2018-09-27T13:27:28Z,https://www.youtube.com/watch?v=r8rZQKXijb8,2312417
BEST PLACES TO EAT IN PARIS FRANCE | Paris France Travel Vlog,EURO TROTTER,2018-09-26T02:39:00Z,https://www.youtube.com/watch?v=cxrhrvw9Q8A,510023
How Much Can $10 Get You in NAMIBIA?,Drew Binsky,2018-09-25T02:30:01Z,https://www.youtube.com/watch?v=dw3ERFnYiJs,674705
"Fort Lauderdale, Florida | Beach and Boat tour (travel vlog)",Renata Pereira,2018-09-23T19:12:37Z,https://www.youtube.com/watch?v=5kFjEiAu61o,144195
5-STAR LUXURY RESORT in Thailand ‚ô¶ Phuket Travel Vlog,Miss Mina,2018-09-21T17:10:06Z,https://www.youtube.com/watch?v=8LO-QHhubis,1152750
What I Eat (Healthy Travel Snacks) - Romee Strijd VLOG,Romee Strijd,2018-09-20T21:05:04Z,https://www.youtube.com/watch?v=NJcOt-YqMRs,1625652
IS SLOVENIAN FOOD GOOD? Best Food Tour Ever | Cuisine in Ljubljana Travel Vlog,Dane and Stacey,2018-09-17T13:30:00Z,https://www.youtube.com/watch?v=Yf7KryU9OEw,130492
"Things to do in Miami Beach, Florida | SOUTH BEACH (travel vlog)",Renata Pereira,2018-09-16T17:29:56Z,https://www.youtube.com/watch?v=Oc6XTpJH92M,500428
ROUGH DAY IN CAPPADOCIA | Turkey Travel Vlog,Kara and Nate,2018-09-16T11:30:01Z,https://www.youtube.com/watch?v=L9v7unAzRDQ,231224
Top Seven Places In Asansol,Huzaifa Alam,2018-09-15T12:59:17Z,https://www.youtube.com/watch?v=EP50IvPhb74,7941
I&#39;m not doing travel vlogs anymore.,Lost LeBlanc,2018-09-14T16:55:55Z,https://www.youtube.com/watch?v=BHc2g1pywxQ,404192
Tamron 28-75mm f/2.8 for Sony FE User Experience Review - Cuba Travel VLOG - Sony a7III a7RIII a7SII,Jason Vong,2018-09-12T03:00:02Z,https://www.youtube.com/watch?v=Dof3QYDWSYg,418449
Traveling the World for 2 Years! Chris Rogers,Chris Rogers,2018-09-11T17:25:14Z,https://www.youtube.com/watch?v=CC0ywOEAsIE,2131011
HUGE TURKISH FOOD TOUR IN ISTANBUL | Foodie Heaven!,Kara and Nate,2018-09-10T11:30:02Z,https://www.youtube.com/watch?v=oQGkzsTGMPg,1227836
Biyahe ni Drew: Flavors of Ilocos Norte (full episode),GMA Public Affairs,2018-09-10T08:11:27Z,https://www.youtube.com/watch?v=J5O8PmkskXA,3809356
Matale | Sembuwatta Lake | Sri Lanka | Travel VLOG#8,Travel With Wife,2018-09-10T00:10:41Z,https://www.youtube.com/watch?v=g-kyYnrdi9c,210928
"Roma - Coliseu, F√≥rum Romano e Trastevere - Vlog de viagem na Italia",Emilim Schmitz,2018-09-08T12:00:15Z,https://www.youtube.com/watch?v=y_X-LDxzjjM,317317
"KAZAN, Russia | Tour at Bauman Street &amp; Tatar food (travel vlog | –∫–∞–∑–∞ÃÅ–Ω—å)",Renata Pereira,2018-09-02T17:46:03Z,https://www.youtube.com/watch?v=NsoowW3WPXM,220950
"TASTING CROATIAN FOOD, BEER &amp; COFFEE | Strukli in Zagreb | Croatia Travel Vlog",Dane and Stacey,2018-09-02T14:30:00Z,https://www.youtube.com/watch?v=ZKqTFJOUg6k,131869
ISTANBUL TRAVEL VLOG | Blue Mosque &amp; Grand Bazaar,Kara and Nate,2018-08-31T20:30:07Z,https://www.youtube.com/watch?v=VgoHMrFjQN0,651346
CRAZY FUN Tubing in Tunnels in Hawaii |  Adventure Travel with Kids,The River and Wilder Show,2018-08-30T18:54:26Z,https://www.youtube.com/watch?v=ndxptdpA5E4,2655383
Thailand - Land of incredible stories | Cinematic Travel,Benn TK,2018-08-30T06:56:45Z,https://www.youtube.com/watch?v=A30IuIjQYYg,2080138
Milwaukee Wisconsin Travel VLOG | We‚Äôre the Russos Camper Van Life S1:E60,We're the Russos,2018-08-29T18:00:06Z,https://www.youtube.com/watch?v=buq3FS6gjM8,85664
"Kazan, Russia | tour at the Kremlin (travel vlog | –∫–∞–∑–∞ÃÅ–Ω—å)",Renata Pereira,2018-08-26T17:30:04Z,https://www.youtube.com/watch?v=F29xwiqYxMA,93546
Ana&#39;s Morning Routine - Mom vs Blogger | #Vlog #Travel #ShrutiArjunAnand,Shruti Arjun Anand,2018-08-24T13:00:03Z,https://www.youtube.com/watch?v=9t-GH--Mihk,12721864
WHAT MYKONOS IS REALLY LIKE! City Center Old Town Mykonos | Greece Travel Vlog,Dane and Stacey,2018-08-17T13:30:01Z,https://www.youtube.com/watch?v=gYrg8SULV1Q,164853
LUXOR TEMPLE &amp; VALLEY OF THE KINGS | Egypt Travel Vlog,Kara and Nate,2018-08-16T11:30:00Z,https://www.youtube.com/watch?v=l2t6ful9mmw,700165
"GREEK FERRIES - PRICES &amp; SEATS  | Athens to Mykonos, Hellenic Seaways | Greece Travel Vlog",Dane and Stacey,2018-08-11T12:30:00Z,https://www.youtube.com/watch?v=jB-oe9jRixA,99339
Mexico Service Tripüá≤üáΩ / Travel Vlog,Bonnie Hoellein,2018-08-10T12:00:01Z,https://www.youtube.com/watch?v=G5LP9sKH7E8,243608
"The Ultimate ETHIOPIAN FOOD TOUR - Street Food and Restaurants in Addis Ababa, Ethiopia!",Mark Wiens,2018-08-08T13:00:01Z,https://www.youtube.com/watch?v=35yussxyr2w,5409394
"2 Days in BATH, UK VLOG | Roman Baths, Thermae Bath Spa, Hiking, Cafes, Royal Crescent",Suitcase Monkey,2018-08-04T07:00:15Z,https://www.youtube.com/watch?v=zaOzyF392Ks,480472
HOW AMERICANS LIVE AND WHAT WE SHOULD LEARN FROM THEM,linguamarina,2018-07-30T15:52:35Z,https://www.youtube.com/watch?v=RzqC2CtsKE0,2001021
We Tried Egypt Street Food | Must Eat Local Dishes in Cairo,Flying The Nest,2018-07-23T04:46:25Z,https://www.youtube.com/watch?v=G8fF-Wt_sGQ,3594038
10 Top Tourist Attractions in Istanbul - Travel Video,touropia,2018-07-19T12:17:06Z,https://www.youtube.com/watch?v=KwmjJvM_rLs,1559454
"Visit San Diego - The DON&#39;Ts of Visiting San Diego, California",Wolters World,2018-07-18T12:00:04Z,https://www.youtube.com/watch?v=jqLusP11rbM,582925
IS ROMANIAN FOOD GOOD?! Bucharest Step By Step Food Tour Vlog 2018,Dane and Stacey,2018-07-12T12:30:01Z,https://www.youtube.com/watch?v=B0GEURtHWyI,163450
Nanital in july month,sumit kush,2018-07-11T12:19:22Z,https://www.youtube.com/watch?v=K28bu2L1r-A,5133
Nanital in july month,sumit kush,2018-07-11T12:19:22Z,https://www.youtube.com/watch?v=K28bu2L1r-A,5133
BUCHAREST OLD TOWN - FIRST IMPRESSIONS | City Center | Romania Travel Vlog,Dane and Stacey,2018-07-10T12:30:00Z,https://www.youtube.com/watch?v=5_waeBOXQBE,171117
MONACO THE RICHEST COUNTRY IN THE WORLD | Monte Carlo Travel Vlog,vagabrothers,2018-07-07T15:04:35Z,https://www.youtube.com/watch?v=mwzuhjKnl4s,382786
Thrill-seeking travel vloggers killed in waterfall accident,CBS Mornings,2018-07-07T11:56:01Z,https://www.youtube.com/watch?v=u_W5U5rcpw4,56050
BULGARIA TRAVEL VLOG,Elodie Jones,2018-07-06T18:46:53Z,https://www.youtube.com/watch?v=-g3xNAIQOGw,3935
Nova Scotia Travel VLOG | We‚Äôre the Russos Camper Van Life S1:E58,We're the Russos,2018-07-04T18:00:05Z,https://www.youtube.com/watch?v=V7qsZ1mNINc,87798
Traditional Korean Street Food Tour at Gwangjang Market in Seoul!,Best Ever Food Review Show,2018-07-04T12:50:27Z,https://www.youtube.com/watch?v=ljf8yxDQ1d0,8802851
"Backpacking In Meghalaya | NorthEast India Trip | Sohra, Living Roots Bridge | Tanya Khanijow",Tanya Khanijow,2018-07-03T15:11:46Z,https://www.youtube.com/watch?v=yvn79Rv0F48,2459122
POLISH VODKA CHALLENGE | Vodka Tour Warsaw EatPolska | Poland Travel Vlog,Dane and Stacey,2018-07-01T12:30:01Z,https://www.youtube.com/watch?v=RiIBIb3oOXE,82891
Costa Rica Nature in 4K | Drone Relaxation Travel Video,vagabrothers,2018-06-30T14:45:00Z,https://www.youtube.com/watch?v=DGbA_HRtcu0,149680
How to Shoot a Travel Video | Top 10 Tips,Full Time Filmmaker,2018-06-26T17:46:42Z,https://www.youtube.com/watch?v=V1O76JCsPg0,759973
"Amsterdam Rs. 30,000 - Red Light District, Cheap Flights, Hostels, Food,  Sim, Parties, Nightlife",Traveling Desi,2018-06-24T17:52:03Z,https://www.youtube.com/watch?v=9PvxRSRdh0Q,2504644
You must LEARN this amazing TRANSITION for TRAVEL Videos in Premiere Pro,Ankit Bhatia,2018-06-23T07:43:12Z,https://www.youtube.com/watch?v=27m1Pk3JbsU,160214
travel japan vlog oiran douchuu in Edo Wonderland of Nikk≈ç-shi,penny zhang,2018-06-20T06:36:07Z,https://www.youtube.com/watch?v=yEar0TTOUrQ,102146
MALDIVES TRAVEL VLOG &amp; VILLA TOUR!,Kara and Nate,2018-06-19T16:54:21Z,https://www.youtube.com/watch?v=5_mkTKch9jk,1416046
"Crashed a Fortuner in Shigar, Jigar | Skardu Travelogue Part 1 | VLOG | Mooroo",Taimoor Salahuddin aka Mooroo,2018-06-18T13:00:02Z,https://www.youtube.com/watch?v=GoAZc8QhC4k,934672
"SHOPPING in Orlando, Florida: outlets, Walmart &amp; Amazon | Travel vlog",Renata Pereira,2018-06-17T15:29:50Z,https://www.youtube.com/watch?v=Hi4qIbImolM,102054
INSIDE NORTH KOREA (Surreal experience),Indigo Traveller,2018-06-14T20:43:18Z,https://www.youtube.com/watch?v=HbuZlTBpC7I,14932658
Badulla Train Journey | Nine Arches Bridge | Ella | Sri lanka | VLOG#4 (English Subtitles),Travel With Wife,2018-06-14T14:04:26Z,https://www.youtube.com/watch?v=56ih2xb8mcg,386504
MUST VISIT! Krakow Salt Mines - Wieliczka Salt Mine Tour | Poland Travel Vlog 2018,Dane and Stacey,2018-06-14T12:30:00Z,https://www.youtube.com/watch?v=EwItjBAwCbQ,249575
IS POLISH FOOD GOOD?! Krakow Food Tour - EatPolska Poland | Travel Vlog 2018,Dane and Stacey,2018-06-11T12:30:01Z,https://www.youtube.com/watch?v=gkD_6fb3jnQ,1025696
Acadia National Park Travel VLOG | We‚Äôre the Russos Camper Van Life S1:E54,We're the Russos,2018-06-06T18:00:04Z,https://www.youtube.com/watch?v=dnCZqEDqCfY,142381
India Travel Photography Documentary | Travel Vlog Series | Ep.3 - Varanasi,Wex Photo Video,2018-06-01T13:21:45Z,https://www.youtube.com/watch?v=dlRMXEujRRw,78550
$60 to stay in a Bamboo Villa - UBUD Travel Vlog,Lost LeBlanc,2018-05-30T14:58:26Z,https://www.youtube.com/watch?v=elT5EOIfouc,193477
POLAND IS AWESOME - KAZIMIERZ KRAKOW | Jewish Quarter Travel Vlog 2018,Dane and Stacey,2018-05-28T12:30:00Z,https://www.youtube.com/watch?v=lUC-SVEn1ZM,207946
"WE NEVER WANT TO LEAVE | Ubud, Bali Travel Vlog",Kara and Nate,2018-05-26T14:29:20Z,https://www.youtube.com/watch?v=UCCqLmaF6n0,506560
India Travel Photography Documentary | Travel Vlog Series | Ep.2 - Agra (Taj Mahal),Wex Photo Video,2018-05-25T14:35:52Z,https://www.youtube.com/watch?v=Us_TRTlqL4g,65109
TRAVEL VIDEO GAME CHANGER - Zhiyun Smooth 4 Gimbal,Sean Kitching,2018-05-23T19:49:51Z,https://www.youtube.com/watch?v=XKomCYN-byM,99430
Stay Inside Forest in Bandipur National Park Guest House Malayalam Travel Vlog,Tech Travel Eat by Sujith Bhakthan,2018-05-23T09:08:12Z,https://www.youtube.com/watch?v=QB5tbGNDUsw,928498
India Travel Photography Documentary | Travel Vlog Series | Ep.1 - Delhi,Wex Photo Video,2018-05-18T11:30:01Z,https://www.youtube.com/watch?v=_7HJNyNejPw,120295
"TOP THINGS TO DO IN BERLIN - MUST SEE ATTRACTIONS | Germany Travel Vlog 152, 2018",Dane and Stacey,2018-05-08T13:49:42Z,https://www.youtube.com/watch?v=babaYreu8vk,116661
"Travelling with Mi Part 2 (Passu, Khuramabad &amp; Batura Glacier) | Mooroo | VLOG",Taimoor Salahuddin aka Mooroo,2018-05-06T13:00:02Z,https://www.youtube.com/watch?v=JFtSS1pDq_8,588377
"WE&#39;RE IN GERMANY - BERLIN FIRST IMPRESSIONS! | Germany Travel Vlog 151, 2018",Dane and Stacey,2018-05-06T13:00:04Z,https://www.youtube.com/watch?v=PPvai6N9YOE,211967
Travelling with Mi Part 1 (Karachi to Passu) | Mooroo | VLOG,Taimoor Salahuddin aka Mooroo,2018-05-04T13:30:00Z,https://www.youtube.com/watch?v=B1ls5TApfdo,1351387
MYANMAR STREET FOOD TOUR in Yangon | Delicious Shan Noodles,Kara and Nate,2018-04-28T12:00:05Z,https://www.youtube.com/watch?v=z1D1P9-_oNA,623677
Behind the Scenes Photoshoot + Travel Vlog!,Anna McNulty,2018-04-28T11:13:54Z,https://www.youtube.com/watch?v=EtJ1_eumzgE,316471
Hrtc Bus (Word&#39;s Toughest Road),Smokey Rider,2018-04-23T12:32:17Z,https://www.youtube.com/watch?v=94zYJEnxM9M,24921
8 Reasons Why You Should Visit KYRGYZSTAN,Drew Binsky,2018-04-19T22:46:38Z,https://www.youtube.com/watch?v=jqXaHVxjNQo,322101
Travel Packing Tips by Urmila l Marathi 2019,Urmila Nimbalkar,2018-04-16T05:43:21Z,https://www.youtube.com/watch?v=LeYH4rRxRCg,267717
Traditional Japanese RYOKAN TOUR,Miss Mina,2018-04-12T19:00:02Z,https://www.youtube.com/watch?v=aA3k-UN8-Uk,4707012
GIRLFRIEND&#39;S BIRTHDAY TRIP - TAIWAN,JianHao Tan,2018-04-08T13:00:21Z,https://www.youtube.com/watch?v=dB5GwVeQIIE,4674142
Miami | Cinematic Travel Video | Only Us,Chris & Jenelle,2018-04-08T07:23:40Z,https://www.youtube.com/watch?v=tSnIvJrlhjo,26160
JAIPUR&#39;S MONKEY TEMPLE &amp; AMER FORT | India Travel Vlog,Kara and Nate,2018-04-04T11:30:01Z,https://www.youtube.com/watch?v=q8G8UIgcEMw,254739
NASHVILLE TRIP VLOG | Darci Lynne,Darci Lynne,2018-04-02T19:30:13Z,https://www.youtube.com/watch?v=-BCpUl0SnHc,276543
Trichy | Tiruchirapalli | TamilNadu Travel Guide | Travel Video | Tourist Places | Tour Information,MM Travel Guide English,2018-04-01T14:00:02Z,https://www.youtube.com/watch?v=Uv3IhTjRWdE,196017
TAJ MAHAL TRAVEL VLOG (feat. The Budgeteers!),Kara and Nate,2018-03-31T16:43:15Z,https://www.youtube.com/watch?v=5DjG8zHgfz0,413796
NAMERI NATIONAL PARK - Assam Travel Vlog | North East India Vlog #1 | Kritika Goel,Kritika Goel,2018-03-26T12:30:05Z,https://www.youtube.com/watch?v=ytuYUjR24_s,146052
EXPLORING HANOI - Vietnam Travel Vlog,Kritika Goel,2018-03-13T12:57:32Z,https://www.youtube.com/watch?v=QBUDJ5qRZ14,314717
5 DAYS IN TOKYO ‚ô¶ Japan Travel Vlog ft. Heyitsfeiii,Miss Mina,2018-03-12T16:04:53Z,https://www.youtube.com/watch?v=bDFhsQQGoDs,541730
"DISCOVERING SEMINYAK, BALI - THINGS TO DO, HOTELS &amp; RESTAURANTS | Travel Vlog 129, 2018",Dane and Stacey,2018-03-12T12:00:02Z,https://www.youtube.com/watch?v=JHWPaTYp3HQ,201411
BB Ki Vines (Vlog #5)- | BB in Canada |,BB Ki Vines,2018-03-11T12:14:45Z,https://www.youtube.com/watch?v=FRbG0XrTNPY,18600879
The Ultimate MEXICAN STREET FOOD TACOS Tour of Mexico City! (ft. La Ruta de la Garnacha),Mark Wiens,2018-03-04T13:00:02Z,https://www.youtube.com/watch?v=OO9kSxcT9Rg,19820126
My Trip To Universal Studios Orlando - VLOG,Kickbuttman3,2018-03-03T20:23:53Z,https://www.youtube.com/watch?v=pM4flaJoUiA,188
What to do in Winter in Austria | Vienna Travel Vlog,Flying The Nest,2018-02-25T19:20:01Z,https://www.youtube.com/watch?v=bhDp9ZoLn_U,196131
Shopping and Packing Vlog for an International Trip,Annie Rose,2018-02-23T21:40:02Z,https://www.youtube.com/watch?v=pAC_BHLaNDk,594326
"ANOTHER HOLIDAY! (Krabi, Thailand)",JianHao Tan,2018-02-11T12:54:59Z,https://www.youtube.com/watch?v=sspEnaXh2yQ,1616940
ELEPHANT SANCTUARY 2018 üêò CHIANG MAI ELEPHANT JUNGLE SANCTUARY CAMP | Travel Vlog 119,Dane and Stacey,2018-02-08T07:30:01Z,https://www.youtube.com/watch?v=ZHxjkRM1HbQ,225641
INDIA IN 360 Virtual Reality | Royal Rajasthan Travel Video,vagabrothers,2018-02-03T17:00:02Z,https://www.youtube.com/watch?v=QCCDqtepOLY,172747
FIRST EVER INDOOR SNOWBOARDING + TRAVEL VLOG,SnowboardProCamp,2018-01-27T20:43:50Z,https://www.youtube.com/watch?v=PO9eswJVvmI,146104
Jodhpur  | The Blue City of India (Rajasthan Travel Vlog),vagabrothers,2018-01-27T15:22:31Z,https://www.youtube.com/watch?v=Xm2vxFhWGSU,660519
Inside an INDIAN SPICE MARKET | Udaipur Rajasthan India Travel Vlog,vagabrothers,2018-01-25T17:00:12Z,https://www.youtube.com/watch?v=mtuPnQ7Q3y8,144996
"Visit Berlin - The Don&#39;ts of Visiting Berlin, Germany",Wolters World,2018-01-21T13:37:40Z,https://www.youtube.com/watch?v=4TwGid87U8g,1044846
How To Make a TRAVEL VIDEO - 10 Tips you need to know,Lost LeBlanc,2018-01-20T23:02:46Z,https://www.youtube.com/watch?v=MGhjvist4gk,4078003
"The Ultimate HAWAII FOOD TOUR in Honolulu - Loco Moco, Poke, Hawaiian Food and Shave Ice!",Mark Wiens,2018-01-17T13:00:05Z,https://www.youtube.com/watch?v=LjVuOhTS0BM,4355042
"HOW I STARTED MY YEAR (Danang, Vietnam)",JianHao Tan,2018-01-14T12:56:57Z,https://www.youtube.com/watch?v=r2QPV1RcL74,4428656
KERALA TRAVEL VLOG | Exploring Kochi and Alleppey,Kritika Goel,2018-01-12T13:50:40Z,https://www.youtube.com/watch?v=f5yksSVATM8,583240
GOA TRAVEL VLOG | 3 Days in South Goa,Kritika Goel,2018-01-06T14:24:35Z,https://www.youtube.com/watch?v=EdcZ25BK5vA,1621653
RUHE,sani shetye,2018-01-03T21:57:27Z,https://www.youtube.com/watch?v=jyA7R7_mPZc,286
"INDIAN STREET FOOD Tour DEEP in PUNJAB, INDIA | BEST STREET FOOD in INDIA and BEST CURRY HEAVEN!",The Food Ranger,2018-01-03T15:00:02Z,https://www.youtube.com/watch?v=GStMSkhmYEs,12617705
TOKYO CAPSULE HOTEL TOUR,Miss Mina,2017-12-26T20:00:03Z,https://www.youtube.com/watch?v=gNhBiw9pgUo,59475309
How I lost my DJI Mavic Pro Drone in Israel | Travel Vlog,Tom's Tech Time,2017-12-17T21:00:01Z,https://www.youtube.com/watch?v=bFziFBGxpwA,149824
"STAYING LONGER! VISA EXTENSION IN BORACAY | Philippines Travel Vlog 101, 2017 | Digital Nomad",Dane and Stacey,2017-12-14T06:30:01Z,https://www.youtube.com/watch?v=ewsFFCeTwSs,83511
ALL TIME GREATEST AIRPLANE SEAT - Emirates First Class Suite,CaseyNeistat,2017-12-11T23:45:03Z,https://www.youtube.com/watch?v=a7NJ6Gek9v4,55321278
VARANASI STREET FOOD | Benaras Travel Vlog #3,Kritika Goel,2017-12-09T11:19:21Z,https://www.youtube.com/watch?v=d1Y5QKcJyJM,310137
Paris Part 2 by Alex Gonzaga,Alex Gonzaga Official,2017-12-07T11:43:50Z,https://www.youtube.com/watch?v=649cpxrPDY4,2527783
Instagram Stories (Travel video),Eduard Mykhailov,2017-11-23T14:22:41Z,https://www.youtube.com/watch?v=7VgMb63AXfI,32608
Vegetarian Airplane Food on Thai Airways ‚ñ∫ from Bangkok to Bali,Miss Mina,2017-11-21T20:00:00Z,https://www.youtube.com/watch?v=2_V3mkSbqbg,952715
Hey Nadine - Travel Vlogger- Welcome to my Channel!!,Hey Nadine,2017-11-20T20:00:03Z,https://www.youtube.com/watch?v=sWKBvW4_10Q,135705
How I Trained My Cats,JunsKitchen,2017-11-14T12:06:56Z,https://www.youtube.com/watch?v=5530I_pYjbo,79322074
"Tuscany Week Long Road Trip Vlog | Florence, Siena, Pisa, Wine Tasting, Things to Do",Suitcase Monkey,2017-11-12T08:00:00Z,https://www.youtube.com/watch?v=abY33tp2SYs,443539
AMAZING Street Food  in CHINA | RARELY SEEN Street Food ADVENTURE TRAVEL VLOG 2017,The Food Ranger,2017-11-11T17:00:03Z,https://www.youtube.com/watch?v=PV8maMvPqhw,1892496
"Biyahe ni Drew: Welcome to Seoul, South Korea! (Full episode)",GMA Public Affairs,2017-11-11T10:30:46Z,https://www.youtube.com/watch?v=vORqetwgsPM,4629734
G.C.F in Tokyo (Ï†ïÍµ≠&amp;ÏßÄÎØº),BANGTANTV,2017-11-08T13:00:13Z,https://www.youtube.com/watch?v=XrTNLkqGrlc,35385331
TRAVEL VLOG: CAMBODIA! (WHERE HAVE I BEEN?),Claudia Sulewski,2017-11-06T17:40:29Z,https://www.youtube.com/watch?v=syeMWXSsSlA,200224
"ST PETERSBURG, Russia White Nights: the BEST TIME to travel! (Vlog 1)",Renata Pereira,2017-11-02T13:59:38Z,https://www.youtube.com/watch?v=YjdkO9rJChw,236621
BOBA ‚ô¶ Bubble Milk Tea in Taiwan (TRAVEL VLOG),Miss Mina,2017-10-31T19:00:01Z,https://www.youtube.com/watch?v=Gya_LIViABE,371956
Minimalist Travel Camera Essentials | Ultimate Travel Vlog Gear Review,vagabrothers,2017-10-29T16:34:35Z,https://www.youtube.com/watch?v=It2L29cCY-U,346551
"ARRIVING IN MALAYSIA - FIRST NASI LEMAK! | Kuala Lumpur Airport Train | Travel Vlog 081, 2017",Dane and Stacey,2017-10-28T04:05:31Z,https://www.youtube.com/watch?v=0Q6ey_FMW_k,197311
10 Best Places to Visit in Switzerland - Travel Video,touropia,2017-10-23T14:14:06Z,https://www.youtube.com/watch?v=oZRBUBbfIJ8,6360550
LAKE TAHOE üå≤ WHAT TO DO &amp; WHERE TO EAT (TRAVEL VLOG 72),Keep Your Daydream,2017-10-22T14:56:31Z,https://www.youtube.com/watch?v=V_2kQNAUQ-E,178433
LAKE TAHOE | EMERALD BAY &amp; CHIMNEY BEACH (TRAVEL VLOG 71),Keep Your Daydream,2017-10-15T15:00:36Z,https://www.youtube.com/watch?v=savroJ4ETIM,122407
"The Ultimate DUBAI FOOD TOUR - Street Food and Emirati Cuisine in Dubai, UAE!",Mark Wiens,2017-10-15T13:00:03Z,https://www.youtube.com/watch?v=rOAbYFdNQEo,22047786
Biyahe ni Drew: Around the World in Cebu (Full episode),GMA Public Affairs,2017-10-14T09:42:39Z,https://www.youtube.com/watch?v=k0WdzCwybo0,919384
BALI TRAVEL VLOG ‚ô¶ Off The Beaten Path,Miss Mina,2017-10-10T19:00:02Z,https://www.youtube.com/watch?v=QiBOob5OL38,192810
"Kapuso Mo, Jessica Soho: Palengke Food Trip",GMA Public Affairs,2017-10-09T09:44:09Z,https://www.youtube.com/watch?v=aRIAfxr3HoU,13440893
TRANS-SIBERIAN RAILWAY JOURNEY BEGINS! First Class Wagon Tour,Kara and Nate,2017-10-07T11:25:50Z,https://www.youtube.com/watch?v=wsWYVhIFFCw,4739679
New York | Cinematic Travel Video | I Like Me Better With You,Chris & Jenelle,2017-09-30T05:34:03Z,https://www.youtube.com/watch?v=zR1kMWm2B00,19204
GERMAN TRAVEL INSANITY,CaseyNeistat,2017-09-26T16:47:57Z,https://www.youtube.com/watch?v=D6mgVOF2Ov8,5986155
Moscow Market &amp; FIRST TASTE OF RUSSIAN FOOD!,Kara and Nate,2017-09-24T16:38:09Z,https://www.youtube.com/watch?v=10jo3yP-quQ,413053
What to do on a plane when your bored,Maks Szpaderski,2017-09-19T19:54:27Z,https://www.youtube.com/watch?v=0ZP4_hacTkY,1370638
Tamron 24-70mm F2.8 G2 Review (+Photography Travel Vlog),Taylor Jackson,2017-09-12T20:44:45Z,https://www.youtube.com/watch?v=ej4WIEb15lc,120155
WE SWAM BETWEEN CONTINENTAL PLATES! (Snorkeling Silfra: Iceland travel vlog),Kara and Nate,2017-09-12T15:30:01Z,https://www.youtube.com/watch?v=94kEKBLBjPw,759370
Moto G5s Plus Real Camera Review Shot In Australia - Vlog Style,Geekyranjit,2017-09-09T13:45:55Z,https://www.youtube.com/watch?v=SCIUFIY1XY4,263025
Biyahe ni Drew: Experience paradise in Siargao Island (Full episode),GMA Public Affairs,2017-09-09T08:04:15Z,https://www.youtube.com/watch?v=ULNSFBK5c7I,3401260
"HUNTSVILLE, ALABAMA Travel Vlog",Renata Pereira,2017-09-07T22:03:11Z,https://www.youtube.com/watch?v=Gc37ZXA-gCc,72760
OUR BAD LUCK IN THAILAND,JianHao Tan,2017-09-06T12:38:49Z,https://www.youtube.com/watch?v=cAw580QGp7o,1649991
HUANCAYA: las 10 cosas que tienes que saber antes de viajar - VLOG #6,Coco Maggio,2017-09-04T02:12:25Z,https://www.youtube.com/watch?v=OwM5dPuCcV4,477772
Amazigh VLOG 4 - ÿ£ÿ∫ÿ±ÿ® ÿ±ÿ≠ŸÑÿ© ŸÅŸä ÿ≠Ÿäÿßÿ™Ÿä | The strangest trip in my life,Ilyasse Azrour,2017-08-30T20:52:57Z,https://www.youtube.com/watch?v=fUyrrYxxBoA,4825
The Ultimate JERUSALEM FOOD TOUR + Attractions - Palestinian Food and Israeli Food in Old Jerusalem!,Mark Wiens,2017-08-30T13:00:05Z,https://www.youtube.com/watch?v=FLmNLrog6dQ,14916549
Vietnam - Land of ancient secrets | Cinematic Travel,Benn TK,2017-08-22T09:51:15Z,https://www.youtube.com/watch?v=DIgv-e18OzA,2846995
"3 Days in Marrakech, Morocco - Vlog, Guide, Things to Do, Marrakesh",Suitcase Monkey,2017-08-19T07:00:01Z,https://www.youtube.com/watch?v=ECGPvC0q6Pg,839851
"CLIMBING A GIANT ROCK IN GUATAPEÃÅ, COLOMBIA (EL PE√ëOL TRAVEL VLOG) | Eileen Aldis",Eileen Aldis,2017-08-15T13:35:56Z,https://www.youtube.com/watch?v=8L_1_Jj2xYg,165959
RVING PORTLAND OREGON // MULTNOMAH FALLS (EP 62¬≥ RV LIVING TRAVEL VLOG),Keep Your Daydream,2017-08-13T15:20:25Z,https://www.youtube.com/watch?v=keQmfL_RM1U,115896
‚úàÔ∏èFLYING with 5 KIDSüò¨,J House Vlogs,2017-08-08T21:01:41Z,https://www.youtube.com/watch?v=WCJru0qnCDs,15947562
"HOW EXPENSIVE IS SOFIA, BULGARIA? A DAY OF BUDGET TRAVEL üáßüá¨",Jason Billam Travel,2017-08-08T09:42:49Z,https://www.youtube.com/watch?v=WEtc-WM0EN4,149606
How did we get this FREE Truck??!?!! (Travel Vlog) | Jiggin&#39; With Jordan,Jiggin' With Jordan,2017-08-06T20:38:43Z,https://www.youtube.com/watch?v=Xgk7KxL6DwQ,181375
How To: Make Your First EVER Travel Video (3 Tips),Thomas Alex Norman,2017-08-05T14:31:54Z,https://www.youtube.com/watch?v=X-cJCTTf8_0,866809
"Maruti Celerio Zxi Review After 40,000 Km - Malayalam Travel Vlog by Sujith Bhakthan",Tech Travel Eat by Sujith Bhakthan,2017-08-02T15:26:08Z,https://www.youtube.com/watch?v=HL60CCu_R44,141232
RV NORTHERN CALIFORNIA // REDWOOD TITANS // AIRSTREAM TOUR (TRAVEL VLOG 59¬≥),Keep Your Daydream,2017-07-21T22:14:26Z,https://www.youtube.com/watch?v=U8GxMsf5cNA,115838
Amazigh VLOG 3 - ÿ¨ŸàŸÑÿ© ÿ®ÿπÿßÿµŸÖÿ© ÿßŸÑÿ±ŸÖÿßŸÑ ÿßŸÑÿ∞Ÿáÿ®Ÿäÿ© ŸÖÿ±ÿ≤ŸàŸÉÿ© | Merzouga Sahara Desert Tour,Ilyasse Azrour,2017-07-19T17:39:30Z,https://www.youtube.com/watch?v=7Gj5EUgWRMI,1934
Girls Gone Wild in the Philippines | Palawan Travel Guide | How To Stay Fit While Traveling,Luxe Life with CK,2017-07-11T12:58:30Z,https://www.youtube.com/watch?v=p_BKk0PaOTE,15654
How to Travel Southeast Asia on $500 / Month,Alexander Travelbum II,2017-07-07T19:03:49Z,https://www.youtube.com/watch?v=CyGb1CQ5vj8,452669
Burnie Vlog: RTX Austin Food Tour | Rooster Teeth,Rooster Teeth,2017-07-06T17:00:08Z,https://www.youtube.com/watch?v=o_mfTifRkg8,470168
How to Book Hotels Online for Discounted Rates? Malayalam Travel Vlog by Tech Travel Eat,Tech Travel Eat by Sujith Bhakthan,2017-06-29T12:57:28Z,https://www.youtube.com/watch?v=3VY-GmuluJM,296287
Summer 2017 GREECE Part 1 | Travel VLOG,Love Sweat Fitness,2017-06-26T22:42:25Z,https://www.youtube.com/watch?v=zeWShkauzL0,276513
TENERIFE TRAVEL VLOG | SIAM PARK &amp; SUNBATHING! ‚ô° AD | Brogan Tate,Brogan Tate,2017-06-12T17:00:04Z,https://www.youtube.com/watch?v=kevPI1AEsIQ,218940
FREE DAY IN LA // PALM SPRINGS &amp; LOS ANGELES TRAVEL VLOG (SN 3 EP 53),Keep Your Daydream,2017-06-10T20:27:56Z,https://www.youtube.com/watch?v=xR81LKXSlEM,105677
My Medical Mission Trip To El Salvador,Doctor Mike,2017-06-04T13:00:02Z,https://www.youtube.com/watch?v=RvAN3OE2P-o,479578
QUIAPO TRAVEL VLOGS,Cong TV,2017-06-02T14:50:50Z,https://www.youtube.com/watch?v=FDFnKZp9CF4,1952294
"Travel video diary part 1: Snow stunts ‚Äì LEGO Friends Season 4, Episode 12",LEGO,2017-06-01T14:00:00Z,https://www.youtube.com/watch?v=7-i-hcefE7c,519409
"Places to visit and see in Haridwar, Uttarakhand, india | Haridwar Darshan with visa2explore",visa2explore,2017-05-29T09:20:41Z,https://www.youtube.com/watch?v=TvJOlnG3yYs,2078970
Abu Dhabi Travel Vlog,Motomobi,2017-05-20T10:31:44Z,https://www.youtube.com/watch?v=tuiR-4o6Je0,532715
"14 Days in Japan Vlog - Tokyo, Hakone, Mount Fuji, Shibu Onsen, Snow Monkey, Disney",Suitcase Monkey,2017-05-20T08:00:05Z,https://www.youtube.com/watch?v=sGgb_eo-qXg,4031202
Uzbekistan (Asia) Vacation Travel Video Guide,Expoza Travel,2017-05-12T00:00:00Z,https://www.youtube.com/watch?v=Vm-MMki4sY4,982791
Camper Van Life Travel Video Series | We&#39;re the Russos,We're the Russos,2017-04-26T20:00:01Z,https://www.youtube.com/watch?v=HrH9dJffhe0,262750
"WORLD&#39;S BIGGEST MIRROR | Uyuni Salt Flats, Bolivia",Kara and Nate,2017-03-16T01:18:23Z,https://www.youtube.com/watch?v=1vPMD3wmaZo,2717321
Sangat diinginkan - Japan Travel VLOG part 5,Motomobi,2017-02-06T10:03:16Z,https://www.youtube.com/watch?v=ZnAFn4IKsVU,321288
"TRAVEL VLOG: HAVANA, CUBA + Tips &amp; Advice!",Tess Christine,2017-01-30T02:32:13Z,https://www.youtube.com/watch?v=g-XZUq3No_U,1004115
Top 10 Things to do Murcia - Travel Guide,The Travel Vlogger,2017-01-26T16:50:23Z,https://www.youtube.com/watch?v=UJdktHEF5uM,248962
"Christmas holidays in Croatia, really?! - Cinematic travel Vlog by Tolt #1",Tolt around the world,2017-01-25T12:34:30Z,https://www.youtube.com/watch?v=oeK5LVW6TGs,47421
Sony a6500 User Experience Review | Japan Travel VLOG 4K,Jason Vong,2017-01-23T07:08:37Z,https://www.youtube.com/watch?v=OCW0zr4tCYo,236842
2017 TRAVEL VLOGGING GEAR | Camera + Equipment,Kara and Nate,2017-01-21T09:56:27Z,https://www.youtube.com/watch?v=z9Ohr0Xxipk,147238
Paliyekkara Toll Plaza - The Great Escapeüõ£ü§´#trollmalayalam #trip #vibes #travel #mallu #trending,Yaatrikan,2017-01-13T12:11:27Z,https://www.youtube.com/watch?v=K7bCZmdxrfM,46635
$13 Million NYC PRIVATE ISLAND Tour!? | Ryan Serhant Vlog #75,Ryan Serhant,2019-07-25T00:57:44Z,https://www.youtube.com/watch?v=9WCtx4XYBXs,3302333
How To EDIT Travel Videos (5 Steps),Thomas Alex Norman,2019-07-23T21:00:06Z,https://www.youtube.com/watch?v=deDZuJz_02k,152200
Flying from Australia to Vietnam (travel and relationships),Kara and Nate,2019-07-23T15:03:42Z,https://www.youtube.com/watch?v=uZ_QUAr3aW4,335416
COME TO TURKEY WITH US! HOLIDAY VLOG 1 | TURKEY 2019,Elle Swift,2019-07-21T09:41:26Z,https://www.youtube.com/watch?v=4QDcEYJJ7wU,446248
My Huskies EPIC Cross Country Road Trip | Travel With Dogs,Gone to the Snow Dogs,2019-07-16T19:59:17Z,https://www.youtube.com/watch?v=tBQlo5FBrts,183615
WHAT I ATE TODAY | Raw Food Vegan in St. Lucia! vegan what i eat in a day travel vlog,FullyRawKristina,2019-07-13T19:10:07Z,https://www.youtube.com/watch?v=Wih0tV4MKWI,118470
New Mexico Motorcycle Road Trip | Santa Fe to Taos Pueblo,vagabrothers,2019-07-13T15:30:00Z,https://www.youtube.com/watch?v=Dd9k2TfZgv4,92822
"Route 66 Motorcycle Road Trip |  Arizona Cowboys, Hot Rods &amp; Diners",vagabrothers,2019-07-06T14:45:00Z,https://www.youtube.com/watch?v=qffmYr6AHoI,88559
Disneyland Paris Vlog | Day 1 | Eurostar Travel &amp; Sequoia Lodge | May 2019 | Adam Hattan,Adam Hattan,2019-06-30T16:00:25Z,https://www.youtube.com/watch?v=uz9WPua-x_8,298550
Stockholm Vacation Travel Guide | Expedia,Expedia,2019-06-27T00:00:04Z,https://www.youtube.com/watch?v=llq8Rjm6wKc,866800
The 4 Cameras I ALWAYS Travel With | How I Shoot My Travel Videos,Allison Anderson,2019-06-25T20:51:57Z,https://www.youtube.com/watch?v=14LclxErLis,89119
Malta Travel Guide,Attach√©,2019-06-20T12:51:07Z,https://www.youtube.com/watch?v=MG9OadZ6vIk,394407
How to Pack for a Trip | PACK LIKE A PRO | Travel Organization &amp; Packing Tips | Himani Aggarwal,Himani Aggarwal,2019-06-19T03:49:03Z,https://www.youtube.com/watch?v=D5nI6XyFfj0,3146553
4 Years of ENDLESS TRAVEL! - The Endless Adventure Travel Montage,The Endless Adventure,2019-06-14T16:00:01Z,https://www.youtube.com/watch?v=-iFW0rb1gts,197962
"Thimphu - Paro, Tech Travel Eat Bhutan Vlogs, INB Trip EP #24",Tech Travel Eat by Sujith Bhakthan,2019-06-08T06:30:02Z,https://www.youtube.com/watch?v=rq1Z7dYAHLU,315384
NAGALAND - DZUKOU VALLEY &amp; JAKHAMA  | Travelling in North-East India | Indian Travel vlogs,Larissa DSa,2019-06-07T05:53:43Z,https://www.youtube.com/watch?v=AD8vRDaJWPs,435038
24 Hours Stuck in a Plane &amp; Airport - Twins Travel With No Mom!! Norway Vlog 1,Family Fun Pack,2019-05-25T16:00:06Z,https://www.youtube.com/watch?v=klE257p6Lis,985210
Pack with Me - Carry on Only  (for one week of travel),Kaitlyn Films,2019-05-22T20:48:59Z,https://www.youtube.com/watch?v=8D2ntwfKUg0,513056
"TRAVEL FOOD VLOGGER in NORTHEAST INDIA - How to Become a Travel Food Vlogger | Jorhat, Assam, India",Davidsbeenhere,2019-05-18T05:00:00Z,https://www.youtube.com/watch?v=P72sEmO3sdE,94195
Familjens stora aÃàventyr VLOGG,THE SWEDISH FAMILY,2019-06-08T06:00:00Z,https://www.youtube.com/watch?v=DkU7YWo5TuI,4408931
Street Food in Peshawar - GOLDEN PULAO Mountain + Charsi Tikka Kabab + Pakistani Street Food Tour!,The Food Ranger,2019-04-27T14:00:05Z,https://www.youtube.com/watch?v=NQDom2gxiVc,40183562
Why a foreigner chooses a future in India | Travel Vlog Iv | | Ivana Perkovic | TEDxGNI,TEDx Talks,2019-04-26T20:18:33Z,https://www.youtube.com/watch?v=I9y_BopoDv8,718573
10 Easy Insta360 ONE X Shots For A Travel Vlog Video,Best360,2019-04-25T19:48:20Z,https://www.youtube.com/watch?v=70r43Bb_F8o,547614
IS TURKISH FOOD GOOD? | Secret Food Tours Istanbul Kadikoy | Turkey Travel Vlog,Dane and Stacey,2019-04-23T13:00:15Z,https://www.youtube.com/watch?v=uN3V_2qvfMc,209396
Road Trip at Halletsville w/My Co-Worker!! PART 1,JAYUMIHAM JONES OFFICIAL 7,2019-04-23T06:00:05Z,https://www.youtube.com/watch?v=gJC3zwz8Bow,61
El pa√≠s que me aconsejaron  NUNCA visitar | Nicaragua: primeras impresiones,Luisito Comunica,2019-04-22T18:45:01Z,https://www.youtube.com/watch?v=P3fANhqaiV0,17394488
Ethiopia Travel Guide + Vlog | Addis Ababa and Awassa,Girl vs Globe,2018-02-09T15:00:01Z,https://www.youtube.com/watch?v=ChFrZf-Bf50,392996
"$700 LUXURY CONDO - CHIANG MAI APARTMENT RENT | Thailand Vlog 118, 2018 | Digital Nomad Chiangmai",Dane and Stacey,2018-02-06T07:30:01Z,https://www.youtube.com/watch?v=X-pHhyOun1U,344678
"3 Days in Dubrovnik Vlog, Croatia | Guide, Things to do",Suitcase Monkey,2018-01-27T08:00:01Z,https://www.youtube.com/watch?v=_Vvm6aTOg7k,223485
"VLOG #9 -- Baseball road trip to Philly, Washington D.C, Hickory, and Atlanta",Zack Hample,2018-01-19T19:56:44Z,https://www.youtube.com/watch?v=dB3jQhdIB6Y,192543
2 YEARS OF FULL-TIME TRAVEL | 66 COUNTRIES!,Kara and Nate,2018-01-13T19:25:51Z,https://www.youtube.com/watch?v=TqA5xx4MJNs,571660
"BOMBS, CHURCHES &amp; CEMETERIES - INTRAMUROS OLD MANILA WALKS TOUR | Philippines Vlog 110, 2018",Dane and Stacey,2018-01-13T02:00:01Z,https://www.youtube.com/watch?v=a6-VS0fFXJQ,130911
„ÄêTAIWAN VLOG„ÄëWhat I Eat on Vacation? YUMMIEST CHEAT MEALS,emi wong,2018-01-10T12:27:23Z,https://www.youtube.com/watch?v=Kvirs-kqTIk,388662
"North Sikkim | Road trip to Lachung, Yumthang Valley | North East Trip | Vlog Part 2",Tanya Khanijow,2018-01-07T06:03:46Z,https://www.youtube.com/watch?v=Qh6SkFq0mjg,546264
18 Best Travel Destinations in the World | Where to Travel This Year!,vagabrothers,2018-01-06T17:00:03Z,https://www.youtube.com/watch?v=jkEmvP6ih48,699937
üá≤üáΩ Cancun Travel Guide üá≤üáΩ | Watch BEFORE You Go!,Holiday Extras Travel Guides,2018-01-04T11:01:23Z,https://www.youtube.com/watch?v=fTUe36z8lio,423462
BARBADOS FOOD TOUR!,Kara and Nate,2017-12-29T23:05:26Z,https://www.youtube.com/watch?v=caUzYKq_Hg4,178022
CHRISTMAS TIME IN YORK! Delicious Food + Exploring York Castle (England Vlog),The Endless Adventure,2017-12-22T18:31:32Z,https://www.youtube.com/watch?v=LKiXbZNuyCk,167575
Panasonic Lumix G7 vs. G85: Best Travel Camera Under $1000?,foXnoMad,2017-12-13T20:08:24Z,https://www.youtube.com/watch?v=6aoZfEsKc1M,88941
Mardin Gezi Vlogu,Mert Sezer,2017-12-13T15:00:30Z,https://www.youtube.com/watch?v=AIS47z4dRiQ,241854
¬©Travel with Wendy - Schw√§bisch Hall Christmas Market 2017,Travel with Wendy,2017-12-05T17:31:48Z,https://www.youtube.com/watch?v=fai8AjJqmuM,617
Welcome to Peru! | Best Essential Tips &amp; Travel Guide,vagabrothers,2017-12-01T17:13:52Z,https://www.youtube.com/watch?v=SL_YBLWdZb8,978401
EROTIC TEMPLES OF KHAJURAHO &amp; INDIAN VILLAGE TOUR üáÆüá≥,Jason Billam Travel,2017-11-18T15:06:39Z,https://www.youtube.com/watch?v=6eJKs7JWD94,606909
"Thai Street Food Tour with MARK WIENS! + Hostel Tour (Bangkok, Thailand)",The Endless Adventure,2017-11-15T16:00:06Z,https://www.youtube.com/watch?v=z2slIYVHkqM,201597
Art Supplies I Travel With! ( + Sketchbook Tour + Vlog!),PearFleur,2017-11-15T13:51:29Z,https://www.youtube.com/watch?v=kp2Hj8yKSYM,190402
|  SINDHULI GADHI  |  TVS Travel Series#1,Sisan Baniya,2017-11-15T09:46:43Z,https://www.youtube.com/watch?v=2WwodrEMxMw,551085
"ST PETERSBURG, RUSSIA tour: the most famous attractions (Vlog 2)",Renata Pereira,2017-11-09T17:17:08Z,https://www.youtube.com/watch?v=Buehu14tYEI,135108
"Bali LUXURY BEACH RESORT - Full Tour and Review of  Sofitel Hotel in Bali,  Indonesia!",Mark Wiens Abroad,2017-11-09T01:33:00Z,https://www.youtube.com/watch?v=Y8aqakNL8No,1184462
"HOW EXPENSIVE IS NEW DELHI, INDIA? A DAY OF BUDGET TRAVEL üáÆüá≥",Jason Billam Travel,2017-11-03T06:07:45Z,https://www.youtube.com/watch?v=ErItXfDAlVw,165374
Life Of A Nashville Touring Musician | Life On The Road | BTS Vlog,R.J. Ronquillo,2017-10-30T21:42:44Z,https://www.youtube.com/watch?v=NNzQB5bnUx4,321394
Don&#39;t go to Georgia - Travel film by Tolt #10,Tolt around the world,2017-10-27T15:31:40Z,https://www.youtube.com/watch?v=ySJrP_Qxq-Q,1541670
St. Petersburg Travel Guide,Attach√©,2017-10-27T07:30:55Z,https://www.youtube.com/watch?v=4ADQtmkfYJ0,632110
Introduction to my channel! Dear Manisha Vlogs,Dear Manisha Vlogs,2019-11-24T09:35:35Z,https://www.youtube.com/watch?v=c0ReuEu9Nkg,1866
Chicago | Cinematic Travel Video | Make Me Move,Chris & Jenelle,2018-10-07T04:26:14Z,https://www.youtube.com/watch?v=bHIdQBhSjHc,5948
31 ESSENTIAL First Time IRELAND Travel Tips,vagabrothers,2018-09-15T15:18:25Z,https://www.youtube.com/watch?v=QVAd9t3eZvg,1333342
$1 Street Food Around The World,BuzzFeedVideo,2018-09-13T18:00:07Z,https://www.youtube.com/watch?v=pWUzkxtoJ2I,68225999
"Welcome to Kazan, Russia (travel vlog | –∫–∞–∑–∞ÃÅ–Ω—å)",Renata Pereira,2018-08-19T17:31:18Z,https://www.youtube.com/watch?v=UUp5C9RorPc,116649
5-STAR HOTEL in Macau ‚ô¶ LAS VEGAS of China,Miss Mina,2018-08-15T14:24:10Z,https://www.youtube.com/watch?v=mEX6SjEsBTA,879939
Galveston Beach Trip Vlog with the Mills,It's a Buzz World,2018-08-09T13:58:14Z,https://www.youtube.com/watch?v=JOoDT_7gJ8w,397474
HOW TO TRAVEL MELBOURNE (Best Destinations and Prices),Lost LeBlanc,2018-08-08T23:17:58Z,https://www.youtube.com/watch?v=ZjqBTeowZGk,638954
Is this Thailand&#39;s SPICIEST Food?! Food Vlog!,Donal Skehan,2018-08-05T13:00:04Z,https://www.youtube.com/watch?v=VuRmZNHvWhA,66471
The BEST things to do in Amsterdam üá≥üá±üçª handpicked by the locals. #Amsterdam #cityguide,Withlocals,2018-07-31T10:00:05Z,https://www.youtube.com/watch?v=GRrXVAFh_XU,1230122
